,LCI,top3_1
0,0,Yes
1,0,No
2,1,Yes
3,3,Yes
4,1,No
5,1,No
6,1,Yes
7,0,Yes
8,1,No
10,3,Yes
11,2,No
14,0,No
15,6,No
16,1,Yes
17,8,Yes
19,1,Yes
20,1,Yes
21,5,No
22,3,Yes
24,1,No
25,0,Yes
26,1,Yes
27,2,No
28,0,No
30,1,No
31,1,Yes
32,1,No
34,1,No
35,7,Yes
37,4,No
38,1,No
40,1,Yes
41,0,No
42,0,No
43,3,No
46,0,No
48,1,No
49,0,No
51,1,Yes
54,1,Yes
55,3,Yes
56,0,Yes
58,2,No
61,1,No
63,2,Yes
65,0,No
66,0,No
67,0,No
68,1,No
71,1,No
73,0,No
74,1,No
75,1,No
77,0,Yes
78,3,Yes
79,0,Yes
85,1,Yes
88,3,No
89,0,No
90,0,No
91,0,No
92,1,No
93,5,Yes
95,0,No
96,3,No
98,0,No
99,5,Yes
100,3,No
101,2,No
102,0,No
103,1,Yes
104,1,No
105,0,No
106,3,No
108,3,No
110,1,Yes
113,1,Yes
120,1,No
125,1,Yes
126,1,Yes
127,0,No
128,0,No
129,0,No
130,0,No
131,1,No
132,1,No
136,3,Yes
140,0,No
141,6,Yes
142,3,Yes
143,0,Yes
147,2,Yes
148,2,No
150,2,Yes
151,4,Yes
152,2,Yes
154,0,Yes
155,1,No
156,1,Yes
158,8,Yes
160,3,Yes
163,3,Yes
164,1,No
165,1,No
167,1,Yes
168,9,No
173,0,No
174,1,Yes
175,1,No
176,1,Yes
177,1,No
178,0,No
179,1,No
180,4,No
182,0,No
184,3,Yes
185,0,No
186,3,Yes
187,2,Yes
189,3,Yes
190,5,No
191,6,No
193,3,Yes
194,6,Yes
197,5,Yes
198,1,No
199,1,No
200,1,No
201,1,Yes
203,3,Yes
204,3,Yes
205,1,Yes
206,1,No
208,0,No
210,1,No
211,1,Yes
212,1,No
213,4,Yes
214,1,Yes
215,1,Yes
217,0,No
218,0,No
221,0,Yes
222,0,Yes
223,1,No
224,1,Yes
225,2,No
226,10,No
230,3,Yes
232,1,Yes
233,5,Yes
234,0,Yes
236,0,No
237,0,No
238,0,No
239,1,No
240,1,No
242,7,No
243,1,No
245,1,Yes
246,0,Yes
247,0,No
250,0,No
253,0,No
254,2,No
257,3,No
258,0,No
259,0,No
260,0,No
261,0,No
262,0,No
263,3,Yes
264,3,No
265,6,Yes
266,3,Yes
267,1,Yes
268,2,Yes
270,3,Yes
271,6,No
272,3,No
274,6,Yes
275,1,No
277,3,Yes
278,0,Yes
279,1,Yes
281,2,Yes
283,4,Yes
284,4,Yes
286,1,Yes
287,4,No
290,1,Yes
292,2,No
293,1,No
295,4,No
297,8,No
300,1,No
302,1,Yes
303,1,No
304,1,No
305,1,No
306,2,No
307,1,No
308,1,No
309,4,No
310,1,No
312,3,Yes
314,4,No
315,3,Yes
317,0,Yes
319,0,No
320,3,Yes
321,0,No
322,1,Yes
323,0,Yes
325,1,Yes
326,1,No
331,1,No
332,3,No
334,0,Yes
335,1,Yes
336,0,No
337,1,Yes
338,0,No
339,0,No
340,0,No
341,4,Yes
346,0,No
347,1,Yes
350,4,No
352,11,Yes
353,1,No
356,1,No
357,1,No
358,2,No
361,3,Yes
362,1,No
364,5,Yes
365,1,No
366,3,No
367,1,Yes
369,4,Yes
370,4,Yes
371,0,No
373,3,No
375,3,No
379,0,No
381,7,Yes
383,0,No
384,4,Yes
385,1,Yes
386,1,No
387,1,No
389,4,Yes
390,1,No
391,1,Yes
392,2,Yes
395,3,No
396,4,Yes
397,1,Yes
398,0,Yes
399,1,Yes
403,1,No
404,1,No
405,0,No
406,1,No
407,0,No
408,4,Yes
409,4,Yes
410,4,Yes
411,1,No
412,0,No
414,2,Yes
415,3,Yes
416,5,Yes
419,1,Yes
421,1,No
424,1,No
425,6,Yes
426,3,No
428,2,No
429,0,No
431,1,Yes
433,1,No
434,1,No
436,1,No
437,3,No
439,5,Yes
440,5,Yes
441,1,Yes
442,4,No
443,5,No
445,2,Yes
446,1,No
447,0,No
449,4,Yes
451,4,Yes
452,1,Yes
453,0,No
455,1,No
456,4,Yes
457,1,Yes
458,0,No
459,2,No
460,1,No
461,2,No
462,1,No
463,3,No
465,3,No
467,1,No
468,1,No
469,4,Yes
470,1,Yes
471,0,No
472,1,Yes
474,1,No
475,3,No
476,1,No
477,1,Yes
478,1,No
479,1,Yes
481,0,No
482,0,No
483,1,No
484,1,No
485,1,No
487,1,Yes
488,1,No
489,1,No
491,1,No
493,0,No
496,1,No
497,1,No
498,0,No
499,0,No
501,0,No
502,1,No
505,0,No
507,4,No
509,0,No
510,3,Yes
511,3,Yes
512,1,Yes
514,5,No
515,0,No
516,1,Yes
517,6,Yes
518,1,Yes
519,0,No
520,1,Yes
521,0,Yes
522,4,Yes
523,6,Yes
524,1,Yes
525,3,Yes
526,0,No
527,1,No
528,1,No
529,0,No
532,0,No
533,3,Yes
534,3,Yes
535,0,No
536,4,Yes
537,3,Yes
539,5,Yes
540,1,No
542,3,No
543,1,No
544,3,No
545,1,Yes
548,5,Yes
550,1,No
552,0,No
555,1,No
556,4,Yes
557,3,Yes
559,6,Yes
561,1,No
562,4,Yes
564,3,Yes
565,1,No
566,1,No
567,2,No
570,2,Yes
571,1,No
572,4,Yes
573,3,Yes
574,0,Yes
575,0,No
577,1,No
578,2,Yes
579,0,No
580,1,No
581,0,No
582,3,Yes
583,1,No
584,1,No
585,3,Yes
586,4,No
587,0,No
588,3,Yes
589,0,No
590,1,No
592,0,No
593,9,No
594,3,Yes
595,3,Yes
596,3,No
597,1,No
598,4,No
604,1,Yes
605,10,Yes
606,4,Yes
607,0,No
608,1,No
609,5,Yes
612,1,No
613,3,Yes
614,0,Yes
616,4,No
617,3,Yes
618,3,No
621,1,Yes
622,1,Yes
623,3,Yes
624,1,No
625,3,No
626,0,No
627,1,No
629,4,No
630,1,No
631,3,No
632,3,No
633,1,Yes
634,5,Yes
635,0,Yes
638,5,Yes
639,1,Yes
641,4,Yes
642,1,No
647,1,Yes
648,1,No
650,2,No
651,1,No
652,1,No
653,5,Yes
655,6,No
656,0,Yes
658,4,Yes
659,3,No
661,3,No
662,3,Yes
663,3,Yes
665,1,No
666,0,No
668,3,No
669,0,No
670,1,No
671,1,Yes
672,1,No
673,2,Yes
674,2,Yes
676,7,No
678,5,Yes
679,4,Yes
681,2,Yes
682,0,No
684,0,No
686,1,Yes
687,3,Yes
688,0,No
690,5,No
693,1,No
694,1,Yes
695,1,Yes
699,3,No
700,4,Yes
701,3,Yes
702,7,Yes
703,1,No
704,1,Yes
705,1,Yes
708,7,Yes
709,1,No
711,0,No
712,5,No
715,1,Yes
716,1,No
717,2,No
718,3,Yes
719,5,Yes
720,1,No
721,0,No
722,1,No
723,3,No
724,0,Yes
725,3,No
727,4,No
728,5,No
729,3,No
730,1,Yes
732,0,No
734,0,No
736,1,No
737,1,No
738,0,No
740,3,No
741,1,No
742,0,No
743,0,No
744,1,Yes
745,0,No
746,0,Yes
747,5,No
748,0,No
749,5,No
751,1,No
752,0,Yes
754,1,No
756,1,Yes
757,0,Yes
758,0,No
759,0,No
760,0,No
761,1,No
762,1,No
763,0,Yes
764,1,No
766,3,Yes
768,11,Yes
772,5,No
775,0,No
776,1,No
779,0,No
782,10,Yes
786,3,No
787,0,Yes
788,0,No
789,1,No
790,1,Yes
792,1,No
793,1,Yes
794,1,No
795,2,No
796,1,No
797,0,No
798,3,No
800,5,Yes
802,2,No
803,1,Yes
804,1,No
805,6,Yes
806,1,No
807,3,Yes
808,1,No
809,1,Yes
811,1,Yes
813,2,Yes
814,4,Yes
815,4,Yes
816,1,Yes
817,3,Yes
820,6,Yes
822,1,No
823,1,No
825,1,No
826,1,No
828,4,No
830,2,No
831,1,Yes
833,1,Yes
834,1,Yes
835,3,Yes
836,11,Yes
837,1,No
839,1,No
840,0,No
841,1,Yes
842,3,Yes
843,1,No
844,1,Yes
845,1,Yes
847,2,Yes
848,0,Yes
849,5,Yes
850,1,No
853,2,Yes
854,1,Yes
855,1,No
856,0,No
857,0,No
858,1,Yes
860,3,Yes
862,9,Yes
864,1,No
865,0,Yes
866,3,No
870,0,No
877,1,No
878,0,No
879,5,No
881,2,No
882,3,Yes
883,3,No
884,2,No
885,1,No
886,1,Yes
890,1,No
891,1,Yes
892,1,Yes
894,1,No
896,1,Yes
897,5,Yes
898,0,No
900,1,Yes
901,1,No
902,1,No
903,3,No
905,3,No
906,7,No
907,3,No
908,0,Yes
909,2,Yes
910,4,Yes
911,1,No
913,3,No
914,1,No
916,1,Yes
919,2,No
920,5,Yes
921,3,Yes
922,3,No
925,0,Yes
926,0,No
927,1,No
928,5,Yes
931,1,Yes
933,2,No
935,0,No
938,0,No
940,0,No
942,0,No
943,5,Yes
945,1,Yes
947,3,Yes
949,1,No
952,1,Yes
954,3,No
956,2,Yes
957,0,No
958,0,No
960,1,Yes
962,0,Yes
965,0,No
966,1,Yes
968,1,No
969,0,No
970,3,No
972,3,Yes
973,1,Yes
974,1,Yes
975,2,Yes
976,1,No
977,1,No
978,1,No
982,1,Yes
983,0,Yes
984,5,Yes
985,3,Yes
986,1,No
987,0,No
989,2,Yes
990,5,No
991,5,Yes
993,2,No
994,1,Yes
995,0,Yes
996,0,No
997,9,Yes
998,0,Yes
1001,1,No
1003,0,No
1005,1,Yes
1006,3,Yes
1007,1,No
1008,1,No
1009,1,Yes
1010,1,No
1011,1,No
1012,0,No
1013,0,No
1014,0,No
1016,1,Yes
1017,0,No
1018,1,No
1020,1,Yes
1021,1,No
1022,1,No
1023,5,No
1024,4,Yes
1025,0,Yes
1026,0,Yes
1027,4,Yes
1028,4,No
1030,0,No
1031,6,Yes
1032,0,Yes
1035,7,Yes
1038,0,Yes
1039,4,Yes
1040,1,Yes
1041,1,No
1043,8,Yes
1044,2,Yes
1045,8,Yes
1046,0,Yes
1048,0,No
1049,0,Yes
1051,2,No
1052,5,No
1053,5,Yes
1054,0,Yes
1055,2,No
1056,0,No
1059,0,No
1060,1,No
1065,3,Yes
1068,2,Yes
1070,2,Yes
1071,0,No
1072,0,No
1073,1,No
1074,1,No
1075,0,No
1076,0,Yes
1077,0,No
1078,1,Yes
1080,1,No
1081,3,Yes
1082,2,Yes
1083,5,Yes
1084,1,No
1087,0,Yes
1088,1,No
1089,1,No
1090,3,Yes
1091,0,No
1092,0,No
1093,1,No
1095,9,No
1096,4,No
1097,3,Yes
1098,5,Yes
1099,12,Yes
1102,1,Yes
1105,6,Yes
1106,1,Yes
1110,1,No
1111,1,Yes
1112,3,Yes
1113,1,No
1114,1,No
1116,2,Yes
1117,0,No
1118,1,Yes
1120,1,No
1122,0,No
1123,5,No
1125,0,Yes
1127,1,No
1129,1,No
1131,1,Yes
1136,1,No
1139,0,No
1140,0,Yes
1141,1,Yes
1142,1,Yes
1143,7,Yes
1145,0,Yes
1146,1,Yes
1147,1,No
1150,7,Yes
1151,1,Yes
1152,1,No
1153,6,Yes
1155,4,No
1156,1,Yes
1157,2,Yes
1158,0,No
1159,1,Yes
1160,1,Yes
1161,3,No
1162,1,No
1163,1,No
1164,2,Yes
1165,1,Yes
1166,0,Yes
1167,3,No
1168,2,No
1170,0,No
1171,2,No
1172,0,No
1173,3,No
1175,1,Yes
1176,1,Yes
1177,0,Yes
1179,0,No
1180,3,Yes
1181,1,No
1182,1,Yes
1183,4,Yes
1184,0,Yes
1185,0,No
1186,0,No
1187,0,No
1188,5,Yes
1189,4,Yes
1190,1,Yes
1191,2,No
1193,7,Yes
1196,1,Yes
1197,5,Yes
1198,8,Yes
1201,5,Yes
1202,0,Yes
1203,4,No
1205,3,Yes
1206,0,Yes
1207,2,No
1208,1,Yes
1209,0,No
1210,2,Yes
1212,0,No
1213,0,Yes
1214,1,No
1215,3,Yes
1216,1,No
1218,4,Yes
1220,19,Yes
1221,6,Yes
1222,4,No
1223,0,No
1224,2,No
1225,1,No
1226,1,Yes
1229,2,Yes
1230,1,No
1231,1,No
1232,1,No
1233,1,No
1234,0,Yes
1235,1,No
1236,5,No
1237,1,No
1238,1,Yes
1239,3,No
1242,0,Yes
1244,0,No
1245,1,No
1247,1,No
1248,0,No
1249,1,No
1250,0,No
1252,5,Yes
1256,0,No
1258,7,Yes
1259,1,No
1261,1,Yes
1263,5,Yes
1264,4,Yes
1265,0,No
1266,3,Yes
1267,3,Yes
1268,1,No
1269,0,No
1271,1,No
1272,1,Yes
1273,5,Yes
1274,1,Yes
1275,1,Yes
1276,1,No
1277,0,No
1280,5,No
1281,0,No
1282,4,Yes
1283,1,No
1284,0,No
1285,0,No
1286,0,No
1288,1,Yes
1289,3,Yes
1290,1,No
1291,3,Yes
1293,1,No
1294,1,No
1295,0,No
1297,0,No
1302,1,No
1303,1,No
1304,5,No
1306,0,No
1307,0,Yes
1308,4,Yes
1309,3,Yes
1310,3,Yes
1311,1,Yes
1312,1,Yes
1313,3,Yes
1314,0,Yes
1315,0,No
1318,3,Yes
1319,6,Yes
1320,1,No
1322,2,Yes
1323,2,Yes
1324,5,Yes
1325,0,Yes
1326,2,Yes
1327,3,Yes
1328,1,No
1329,0,Yes
1330,0,Yes
1331,0,Yes
1333,1,No
1335,0,No
1336,1,No
1337,0,Yes
1339,1,No
1340,1,No
1341,3,Yes
1343,1,Yes
1345,3,Yes
1346,0,No
1347,1,No
1348,2,Yes
1349,2,No
1350,1,No
1352,4,Yes
1355,1,No
1357,4,Yes
1358,1,No
1359,1,No
1360,10,Yes
1362,1,Yes
1364,4,Yes
1366,1,Yes
1367,6,Yes
1371,3,No
1372,11,Yes
1374,0,No
1376,1,No
1378,3,Yes
1379,0,No
1381,0,Yes
1382,1,Yes
1383,14,Yes
1384,8,Yes
1385,3,Yes
1387,3,Yes
1388,0,Yes
1389,5,Yes
1390,3,Yes
1393,0,Yes
1395,8,No
1396,4,Yes
1398,2,Yes
1399,11,No
1400,1,No
1403,1,Yes
1404,0,No
1405,0,No
1408,4,Yes
1409,1,Yes
1410,1,No
1412,7,Yes
1414,1,Yes
1415,1,Yes
1416,4,No
1417,3,No
1418,5,Yes
1419,2,No
1420,0,No
1421,1,Yes
1422,3,Yes
1423,4,Yes
1424,2,Yes
1426,19,Yes
1427,1,Yes
1428,1,No
1430,0,No
1432,1,No
1433,5,Yes
1436,0,No
1437,7,Yes
1438,1,No
1440,5,Yes
1441,6,No
1442,1,No
1443,3,No
1445,1,No
1446,3,Yes
1447,1,Yes
1448,1,No
1449,0,Yes
1450,1,Yes
1451,1,Yes
1452,5,No
1453,1,No
1454,3,No
1455,0,No
1459,0,No
1461,4,Yes
1464,2,No
1466,0,Yes
1468,4,Yes
1471,0,No
1472,5,Yes
1473,5,No
1474,3,No
1475,2,No
1476,1,No
1477,0,Yes
1478,0,Yes
1480,2,Yes
1482,2,Yes
1483,0,No
1485,1,Yes
1486,3,Yes
1487,1,Yes
1489,1,Yes
1490,1,Yes
1491,0,No
1492,0,No
1493,3,Yes
1494,1,Yes
1495,1,No
1497,2,No
1498,1,No
1499,0,No
1501,1,Yes
1502,3,Yes
1507,3,Yes
1508,1,No
1509,4,Yes
1512,8,Yes
1513,3,Yes
1514,1,Yes
1515,3,No
1519,3,No
1520,1,No
1522,3,Yes
1523,1,No
1528,1,Yes
1529,3,No
1530,0,No
1531,1,No
1532,2,No
1533,4,Yes
1534,1,No
1535,4,No
1537,3,No
1540,1,No
1541,1,No
1543,0,No
1544,1,No
1545,3,Yes
1546,0,No
1549,3,Yes
1551,0,Yes
1552,0,No
1553,3,Yes
1554,0,No
1556,4,Yes
1557,1,No
1561,3,Yes
1562,7,Yes
1564,4,No
1565,1,No
1566,2,No
1568,1,No
1569,1,No
1571,1,No
1572,1,Yes
1573,6,Yes
1575,1,Yes
1576,0,No
1577,15,Yes
1579,8,Yes
1580,5,Yes
1581,3,Yes
1583,3,No
1584,5,No
1586,4,No
1587,1,No
1588,1,Yes
1589,1,No
1590,5,Yes
1591,4,Yes
1592,2,Yes
1593,0,Yes
1594,0,Yes
1595,4,Yes
1596,1,No
1598,4,No
1600,1,No
1601,7,Yes
1602,5,No
1607,0,Yes
1608,2,No
1609,5,Yes
1611,1,Yes
1612,0,No
1614,1,No
1615,0,Yes
1616,0,Yes
1618,0,No
1620,0,No
1624,0,Yes
1625,0,No
1626,2,Yes
1627,2,No
1630,2,No
1632,1,Yes
1634,3,Yes
1635,3,Yes
1637,1,Yes
1638,1,No
1639,0,No
1640,0,Yes
1641,1,Yes
1642,5,Yes
1643,1,No
1644,1,Yes
1645,0,No
1646,1,Yes
1648,1,No
1649,2,Yes
1650,3,No
1651,1,Yes
1652,2,No
1655,1,No
1656,1,No
1658,1,Yes
1659,0,No
1661,5,No
1662,9,Yes
1663,5,Yes
1666,3,No
1667,1,No
1668,1,No
1669,1,No
1670,8,Yes
1671,2,Yes
1673,3,Yes
1674,1,No
1675,0,No
1676,1,No
1677,2,No
1678,0,Yes
1679,1,Yes
1680,8,Yes
1681,7,No
1682,5,No
1683,1,No
1684,3,Yes
1685,1,Yes
1687,4,No
1688,3,No
1689,1,No
1695,3,Yes
1697,1,No
1700,1,Yes
1701,1,No
1705,5,Yes
1706,5,Yes
1707,1,No
1708,9,No
1709,0,No
1711,3,Yes
1712,5,Yes
1713,1,Yes
1716,3,No
1717,6,Yes
1718,3,Yes
1719,1,Yes
1720,0,Yes
1722,1,Yes
1723,0,Yes
1724,1,No
1725,1,No
1727,3,No
1730,3,Yes
1731,0,No
1732,4,Yes
1733,3,Yes
1736,3,No
1737,8,No
1741,1,No
1743,1,No
1744,3,Yes
1749,3,No
1750,1,No
1752,1,No
1753,0,Yes
1754,1,No
1755,0,No
1756,1,No
1757,4,No
1758,0,No
1759,0,No
1760,9,Yes
1762,3,Yes
1763,0,No
1764,1,Yes
1765,3,Yes
1766,2,No
1767,6,Yes
1768,1,No
1769,1,No
1773,1,No
1775,1,Yes
1777,3,No
1778,3,No
1779,3,Yes
1780,1,Yes
1781,0,No
1782,5,No
1783,5,Yes
1785,0,Yes
1786,4,Yes
1787,8,Yes
1788,11,Yes
1789,3,Yes
1792,3,Yes
1794,1,No
1795,1,No
1797,1,Yes
1798,7,Yes
1799,6,No
1800,5,Yes
1801,0,No
1804,1,Yes
1806,1,No
1807,0,No
1809,2,No
1810,1,No
1811,3,Yes
1812,1,Yes
1813,5,Yes
1814,1,No
1815,1,No
1816,4,Yes
1817,1,Yes
1818,1,Yes
1819,0,Yes
1821,1,No
1823,4,No
1824,1,Yes
1825,2,Yes
1826,3,No
1827,1,Yes
1828,3,Yes
1830,0,No
1831,0,No
1832,1,Yes
1833,0,Yes
1834,1,No
1835,1,Yes
1836,5,Yes
1837,4,Yes
1840,2,No
1841,1,No
1842,3,Yes
1844,0,No
1846,0,Yes
1848,5,Yes
1850,1,No
1851,3,Yes
1852,0,Yes
1853,1,No
1855,1,No
1857,1,No
1858,1,No
1861,3,No
1863,4,Yes
1866,4,No
1868,0,No
1869,2,No
1870,4,Yes
1871,1,No
1873,3,No
1876,5,No
1877,1,Yes
1878,3,Yes
1879,1,No
1881,4,No
1882,1,No
1886,0,No
1890,1,No
1891,1,Yes
1892,1,Yes
1893,3,No
1894,1,No
1896,4,No
1897,1,No
1898,6,Yes
1900,2,Yes
1901,4,No
1902,1,Yes
1904,1,No
1905,1,Yes
1907,1,Yes
1908,5,Yes
1909,3,Yes
1910,2,Yes
1911,1,Yes
1913,7,Yes
1914,3,Yes
1915,1,No
1916,1,No
1917,0,Yes
1918,4,No
1920,5,No
1922,1,Yes
1924,1,Yes
1925,5,Yes
1926,0,No
1928,4,No
1929,1,No
1930,4,No
1931,5,Yes
1932,7,Yes
1934,1,No
1935,1,No
1937,1,No
1938,8,Yes
1939,0,Yes
1940,1,Yes
1942,0,Yes
1943,1,No
1944,3,Yes
1945,7,Yes
1946,1,Yes
1948,1,No
1949,0,No
1950,3,Yes
1952,0,Yes
1953,3,Yes
1954,0,Yes
1956,3,Yes
1961,5,Yes
1962,0,No
1963,0,Yes
1965,1,No
1969,3,No
1972,1,No
1974,7,No
1975,6,Yes
1977,7,Yes
1978,4,Yes
1979,4,No
1982,1,Yes
1983,0,No
1984,4,Yes
1985,4,Yes
1986,5,Yes
1987,2,Yes
1988,1,No
1989,6,Yes
1990,2,No
1992,1,Yes
1993,0,No
1996,0,Yes
1998,5,Yes
1999,3,No
2000,1,Yes
2001,4,Yes
2002,1,Yes
2003,1,Yes
2004,5,Yes
2005,5,Yes
2006,3,Yes
2008,3,Yes
2011,2,Yes
2012,0,Yes
2013,6,Yes
2014,5,Yes
2015,6,Yes
2016,6,Yes
2017,2,Yes
2018,0,Yes
2019,2,Yes
2021,0,Yes
2023,7,Yes
2024,1,No
2025,1,No
2027,1,Yes
2028,4,Yes
2032,3,Yes
2034,3,Yes
2035,3,Yes
2037,3,No
2038,0,Yes
2039,4,No
2041,1,Yes
2042,3,No
2045,3,No
2046,1,Yes
2047,1,No
2048,1,No
2051,1,Yes
2052,1,No
2054,0,Yes
2056,1,Yes
2058,1,Yes
2059,1,No
2060,1,No
2061,1,Yes
2062,0,No
2063,1,No
2064,1,No
2065,1,No
2067,0,Yes
2068,1,No
2070,0,No
2071,1,Yes
2072,0,No
2073,2,Yes
2075,1,No
2076,1,No
2077,2,No
2079,0,No
2080,3,Yes
2081,1,No
2082,0,No
2084,0,No
2085,5,No
2086,1,No
2087,0,No
2088,0,No
2089,1,No
2090,4,Yes
2091,1,Yes
2092,3,No
2093,1,Yes
2094,6,Yes
2095,0,Yes
2096,5,Yes
2099,1,Yes
2102,5,Yes
2103,2,Yes
2104,1,No
2105,4,Yes
2107,1,Yes
2108,1,Yes
2109,1,No
2110,0,No
2111,2,No
2112,3,Yes
2114,6,No
2116,5,Yes
2117,1,No
2118,7,Yes
2119,4,Yes
2121,2,Yes
2122,3,Yes
2123,6,No
2126,0,No
2128,1,Yes
2130,1,No
2131,6,Yes
2133,1,No
2134,4,No
2135,7,Yes
2136,3,Yes
2137,0,No
2139,1,No
2142,3,Yes
2143,3,No
2144,1,Yes
2145,13,Yes
2146,0,No
2147,3,Yes
2148,0,Yes
2149,4,Yes
2150,1,Yes
2151,1,Yes
2152,3,Yes
2153,6,Yes
2154,7,Yes
2155,0,Yes
2156,0,No
2157,7,Yes
2159,5,No
2160,1,No
2161,4,No
2163,1,Yes
2164,1,No
2167,1,No
2168,1,No
2169,4,No
2170,0,No
2171,3,Yes
2173,12,Yes
2175,2,Yes
2177,4,No
2178,2,Yes
2179,3,Yes
2180,3,Yes
2181,2,Yes
2182,1,No
2184,0,No
2185,3,Yes
2186,1,Yes
2188,3,No
2189,3,Yes
2190,0,No
2191,4,No
2194,2,Yes
2195,1,Yes
2196,0,Yes
2198,1,No
2200,1,No
2201,1,No
2202,1,No
2203,1,No
2204,5,Yes
2205,3,Yes
2206,2,No
2207,4,Yes
2209,0,Yes
2210,1,No
2211,1,Yes
2214,7,Yes
2216,3,Yes
2220,6,Yes
2221,0,Yes
2222,0,No
2223,2,Yes
2227,2,Yes
2228,1,No
2231,1,No
2233,1,Yes
2234,0,No
2235,4,Yes
2241,0,No
2243,1,Yes
2244,1,No
2246,1,Yes
2247,3,Yes
2249,1,No
2250,1,No
2251,3,Yes
2252,3,Yes
2253,8,No
2257,6,Yes
2258,3,Yes
2259,3,Yes
2260,0,No
2261,3,Yes
2263,1,No
2266,1,Yes
2267,3,Yes
2271,3,No
2272,0,No
2273,3,Yes
2274,0,Yes
2275,3,No
2277,0,Yes
2279,4,Yes
2280,1,No
2282,11,Yes
2283,1,Yes
2285,0,No
2286,3,No
2287,1,Yes
2288,3,No
2289,6,Yes
2291,0,No
2292,0,No
2293,3,Yes
2296,0,Yes
2297,0,No
2298,3,Yes
2299,3,Yes
2300,1,No
2301,1,Yes
2304,0,No
2306,11,Yes
2307,2,Yes
2308,5,Yes
2309,1,Yes
2311,6,Yes
2312,6,Yes
2314,4,Yes
2315,1,No
2316,3,Yes
2317,3,Yes
2319,4,Yes
2320,6,Yes
2321,3,No
2322,1,No
2323,1,Yes
2324,1,No
2327,0,No
2329,1,No
2332,3,No
2333,7,Yes
2335,2,Yes
2336,1,No
2338,1,Yes
2339,3,No
2341,1,No
2342,1,No
2344,1,No
2345,1,No
2346,2,No
2348,1,No
2349,3,Yes
2350,2,Yes
2351,0,Yes
2353,1,No
2356,5,Yes
2358,3,Yes
2360,0,No
2362,5,Yes
2367,0,No
2368,2,No
2369,0,No
2370,1,Yes
2372,3,No
2373,0,No
2374,3,No
2375,0,No
2378,2,Yes
2379,0,Yes
2380,1,No
2382,4,Yes
2383,3,Yes
2384,0,No
2385,4,No
2386,6,No
2387,1,No
2388,1,Yes
2389,1,No
2390,1,No
2392,1,No
2393,1,No
2394,1,No
2395,2,Yes
2396,4,Yes
2397,2,Yes
2398,1,No
2399,1,No
2401,4,Yes
2403,3,Yes
2404,0,Yes
2405,2,No
2406,1,No
2407,5,Yes
2408,0,No
2410,1,Yes
2412,0,No
2413,1,Yes
2414,2,Yes
2417,2,Yes
2418,0,No
2419,1,Yes
2421,0,No
2422,3,Yes
2423,12,Yes
2426,5,Yes
2428,0,No
2429,4,No
2430,1,Yes
2431,4,Yes
2434,1,Yes
2435,1,No
2436,3,Yes
2437,3,Yes
2438,9,Yes
2441,6,No
2443,9,Yes
2444,3,Yes
2447,1,No
2448,2,Yes
2449,1,No
2450,5,Yes
2451,1,No
2452,14,Yes
2453,8,Yes
2457,1,No
2458,3,No
2460,1,No
2461,0,No
2464,0,No
2465,0,No
2466,0,No
2468,1,No
2469,3,Yes
2471,2,No
2472,0,No
2474,2,Yes
2475,1,No
2478,7,No
2479,2,No
2480,1,No
2481,1,No
2482,2,No
2483,3,Yes
2485,0,Yes
2486,0,No
2488,2,Yes
2489,1,No
2491,4,Yes
2492,1,No
2493,3,Yes
2494,1,No
2495,1,No
2496,4,No
2497,6,Yes
2498,10,No
2499,7,Yes
2501,7,Yes
2504,1,No
2505,9,Yes
2506,0,No
2507,1,Yes
2508,10,Yes
2509,2,Yes
2511,5,No
2514,1,Yes
2515,4,Yes
2517,0,No
2518,1,No
2520,3,No
2522,0,No
2523,1,No
2524,2,No
2525,4,Yes
2526,5,Yes
2527,7,Yes
2529,13,Yes
2530,7,Yes
2533,1,Yes
2534,1,Yes
2536,0,Yes
2538,1,No
2540,1,No
2541,1,No
2542,2,No
2543,1,Yes
2547,0,No
2549,3,Yes
2550,1,No
2551,1,Yes
2552,4,Yes
2554,1,Yes
2555,4,Yes
2556,1,Yes
2557,3,Yes
2558,4,No
2559,3,No
2561,1,No
2563,3,Yes
2564,4,Yes
2565,0,No
2566,1,No
2568,1,Yes
2569,1,No
2570,6,Yes
2571,1,No
2572,3,No
2573,3,Yes
2574,0,No
2575,1,Yes
2576,3,Yes
2577,1,No
2578,3,No
2579,3,No
2580,1,No
2583,1,No
2584,1,No
2586,4,Yes
2587,1,No
2588,0,No
2590,0,No
2591,2,No
2592,1,Yes
2593,3,No
2594,1,No
2595,4,Yes
2596,3,Yes
2597,3,Yes
2598,0,Yes
2599,1,No
2600,3,No
2601,0,No
2603,3,Yes
2605,3,No
2606,1,No
2607,1,Yes
2609,1,Yes
2610,3,No
2611,1,Yes
2612,3,No
2614,1,No
2615,3,Yes
2616,0,No
2617,1,No
2618,1,Yes
2620,1,Yes
2621,1,Yes
2622,1,Yes
2623,3,No
2624,1,No
2625,1,No
2626,1,No
2628,4,No
2630,1,No
2631,1,No
2633,4,No
2634,1,Yes
2635,0,Yes
2637,3,Yes
2638,6,Yes
2639,7,Yes
2642,2,Yes
2645,0,Yes
2646,3,Yes
2647,8,Yes
2648,1,No
2650,8,Yes
2651,7,Yes
2652,1,No
2653,1,No
2654,1,Yes
2655,3,Yes
2656,1,No
2657,4,Yes
2658,1,Yes
2659,0,No
2660,2,No
2662,3,Yes
2663,1,Yes
2664,0,No
2666,1,Yes
2667,3,No
2668,1,No
2671,3,Yes
2673,1,Yes
2674,6,Yes
2675,1,No
2676,4,Yes
2677,2,No
2678,1,Yes
2679,4,Yes
2680,3,Yes
2681,0,No
2682,4,No
2683,1,No
2684,5,No
2685,5,Yes
2686,0,Yes
2687,3,Yes
2688,3,Yes
2689,7,Yes
2690,11,No
2691,3,No
2692,4,Yes
2693,3,Yes
2695,2,Yes
2696,1,No
2697,1,Yes
2699,5,Yes
2700,5,Yes
2701,0,No
2703,2,No
2704,1,No
2705,0,No
2706,7,No
2709,0,No
2710,1,No
2711,2,No
2712,2,No
2714,0,No
2715,2,Yes
2716,5,Yes
2718,0,No
2720,0,No
2721,1,No
2723,1,Yes
2724,1,No
2725,1,No
2726,1,No
2727,2,No
2728,1,No
2731,1,No
2732,1,No
2733,5,Yes
2734,1,No
2735,0,Yes
2736,1,No
2737,1,No
2738,3,Yes
2740,8,Yes
2743,3,Yes
2744,1,No
2746,5,Yes
2747,1,No
2748,1,No
2750,1,No
2752,1,No
2753,3,No
2754,0,Yes
2755,5,Yes
2756,1,Yes
2759,1,No
2760,3,Yes
2761,2,Yes
2762,0,No
2763,0,Yes
2764,1,Yes
2766,0,No
2767,1,No
2771,4,No
2772,1,No
2773,1,No
2775,1,Yes
2776,3,Yes
2777,1,Yes
2778,0,No
2779,1,No
2780,1,Yes
2781,1,Yes
2782,3,No
2783,1,No
2784,1,Yes
2785,1,No
2787,3,No
2788,1,No
2789,3,Yes
2791,1,No
2792,5,Yes
2793,7,Yes
2794,5,No
2795,3,Yes
2796,1,No
2797,0,Yes
2798,5,No
2799,3,No
2800,1,No
2802,3,No
2803,3,Yes
2804,3,Yes
2806,1,Yes
2807,3,Yes
2811,0,Yes
2813,2,Yes
2814,3,Yes
2815,0,No
2816,7,Yes
2817,0,No
2818,2,Yes
2819,1,No
2821,0,No
2822,3,No
2823,4,No
2826,1,No
2827,0,No
2833,3,Yes
2834,1,No
2835,1,No
2836,9,Yes
2840,3,No
2842,11,Yes
2843,6,Yes
2844,1,No
2845,5,Yes
2847,0,No
2848,1,No
2849,3,Yes
2852,0,No
2853,1,No
2854,8,Yes
2855,4,Yes
2856,5,Yes
2857,0,Yes
2858,2,No
2860,1,No
2862,4,No
2863,2,Yes
2864,1,No
2865,1,No
2866,1,No
2867,1,No
2868,1,Yes
2870,1,No
2871,1,No
2872,1,No
2876,1,No
2877,0,No
2878,1,No
2879,2,Yes
2881,1,No
2883,1,No
2887,0,Yes
2888,1,No
2889,4,No
2890,0,Yes
2891,1,No
2892,0,No
2893,1,Yes
2894,0,Yes
2895,0,Yes
2896,4,No
2897,3,No
2898,8,Yes
2899,1,No
2901,0,Yes
2902,2,Yes
2903,4,Yes
2904,3,Yes
2905,3,Yes
2906,7,Yes
2907,3,Yes
2908,1,Yes
2909,0,Yes
2910,1,No
2911,0,No
2912,0,No
2914,0,Yes
2915,2,Yes
2916,1,No
2918,4,No
2919,1,No
2920,5,Yes
2921,5,Yes
2922,0,No
2923,1,No
2924,2,No
2925,0,Yes
2926,1,No
2927,5,No
2928,1,Yes
2929,0,No
2930,1,Yes
2932,1,Yes
2933,1,No
2934,0,No
2935,0,No
2936,0,No
2939,3,No
2940,1,No
2942,1,Yes
2943,0,No
2944,4,No
2945,1,No
2946,4,No
2947,2,Yes
2948,5,Yes
2951,1,No
2952,3,No
2955,3,Yes
2956,1,No
2957,1,Yes
2964,3,Yes
2966,3,Yes
2969,0,No
2970,4,No
2971,3,Yes
2972,1,No
2973,1,No
2974,1,No
2975,1,No
2976,7,Yes
2977,2,No
2978,3,Yes
2979,1,No
2980,4,Yes
2982,1,Yes
2983,1,Yes
2984,4,No
2986,1,Yes
2988,5,Yes
2990,0,No
2991,1,No
2992,0,Yes
2993,5,No
2996,5,Yes
2998,2,No
3000,2,Yes
3002,1,No
3003,3,No
3004,1,Yes
3006,1,No
3007,3,No
3008,8,Yes
3009,1,No
3012,0,No
3013,3,Yes
3014,1,No
3015,6,Yes
3016,1,No
3017,1,Yes
3018,1,No
3019,5,No
3022,1,No
3025,1,No
3026,1,Yes
3029,3,No
3030,0,No
3032,2,No
3033,1,Yes
3034,3,No
3036,3,Yes
3038,0,No
3040,2,Yes
3041,1,No
3042,1,Yes
3043,0,No
3045,3,Yes
3046,0,Yes
3047,3,No
3048,0,No
3049,4,No
3050,2,Yes
3053,4,No
3054,1,Yes
3055,1,Yes
3056,0,No
3057,0,No
3060,1,No
3061,1,No
3062,1,No
3063,1,No
3064,1,No
3065,1,No
3066,0,No
3067,1,Yes
3068,1,No
3069,0,No
3070,1,No
3072,0,No
3073,3,No
3074,1,No
3075,0,Yes
3078,1,Yes
3080,3,No
3081,1,Yes
3082,1,No
3083,1,Yes
3084,1,Yes
3086,2,No
3087,1,Yes
3088,2,Yes
3089,4,No
3090,2,Yes
3091,1,No
3093,1,No
3094,3,No
3095,12,Yes
3096,1,No
3098,1,Yes
3099,7,Yes
3100,1,No
3101,3,No
3102,4,No
3103,2,No
3105,0,No
3109,0,No
3113,1,Yes
3114,5,Yes
3117,1,No
3118,1,No
3119,1,No
3120,7,No
3122,0,No
3123,1,Yes
3125,1,No
3126,1,No
3127,1,Yes
3128,1,No
3130,4,Yes
3132,3,Yes
3133,1,No
3135,1,Yes
3137,7,No
3138,0,No
3139,6,No
3140,9,No
3141,1,No
3142,1,No
3143,1,Yes
3146,4,No
3147,5,Yes
3148,0,Yes
3152,1,No
3154,1,No
3156,1,No
3158,1,Yes
3159,5,No
3160,1,Yes
3162,1,Yes
3163,5,No
3165,3,Yes
3166,5,Yes
3168,4,No
3169,2,No
3171,1,No
3173,1,No
3174,1,No
3176,1,No
3179,3,Yes
3180,5,No
3181,6,Yes
3182,1,Yes
3183,1,No
3185,1,Yes
3187,1,No
3188,3,No
3189,1,No
3190,1,Yes
3192,6,No
3193,3,Yes
3194,1,No
3195,3,No
3196,3,Yes
3197,1,No
3198,4,No
3199,2,No
3200,0,Yes
3202,0,No
3204,0,Yes
3206,8,Yes
3208,3,Yes
3209,1,No
3212,5,No
3213,4,No
3214,1,Yes
3215,3,Yes
3216,3,Yes
3218,2,No
3220,4,Yes
3221,3,No
3222,3,No
3223,4,Yes
3224,3,Yes
3226,1,Yes
3228,1,Yes
3229,1,No
3230,1,No
3231,1,No
3232,0,No
3233,7,Yes
3235,3,Yes
3237,1,No
3238,3,No
3239,2,Yes
3240,1,No
3241,1,No
3242,1,Yes
3243,3,Yes
3244,1,No
3247,7,Yes
3248,8,No
3250,3,Yes
3251,1,Yes
3252,0,No
3254,1,No
3255,1,Yes
3256,0,No
3257,0,No
3259,1,Yes
3260,1,No
3261,5,Yes
3262,1,Yes
3263,1,Yes
3264,3,Yes
3265,3,Yes
3266,3,No
3267,2,Yes
3269,1,No
3270,0,No
3271,0,No
3273,0,No
3276,1,No
3279,1,No
3280,1,Yes
3281,1,No
3282,1,No
3284,5,Yes
3285,7,Yes
3286,4,No
3287,1,Yes
3288,3,Yes
3289,1,No
3291,2,Yes
3292,0,Yes
3297,3,No
3299,5,Yes
3300,1,Yes
3301,7,Yes
3302,1,Yes
3303,5,Yes
3304,4,No
3305,1,Yes
3308,0,No
3309,5,No
3312,6,Yes
3313,1,No
3314,10,Yes
3315,0,No
3317,3,Yes
3318,1,No
3319,1,Yes
3320,4,Yes
3321,1,No
3322,4,Yes
3323,1,Yes
3324,0,No
3325,5,Yes
3327,1,Yes
3328,5,Yes
3329,0,No
3330,0,No
3332,1,No
3335,3,Yes
3336,3,No
3338,1,Yes
3339,3,No
3340,1,No
3341,4,Yes
3342,1,No
3343,4,Yes
3344,10,Yes
3346,7,No
3349,7,Yes
3351,3,Yes
3352,2,Yes
3354,5,Yes
3356,1,No
3357,0,No
3358,3,No
3360,3,Yes
3362,1,No
3365,1,No
3367,1,Yes
3371,0,No
3372,1,No
3374,5,Yes
3376,0,No
3377,5,Yes
3380,0,Yes
3383,0,No
3386,3,Yes
3387,1,No
3391,1,No
3394,5,Yes
3395,3,Yes
3396,4,Yes
3398,14,No
3399,0,No
3400,0,No
3401,0,No
3403,1,Yes
3404,2,No
3405,3,Yes
3406,3,No
3408,1,No
3409,1,No
3410,1,No
3412,2,Yes
3414,1,No
3415,0,Yes
3416,0,Yes
3417,5,Yes
3419,4,Yes
3420,1,No
3422,7,Yes
3423,1,Yes
3426,4,Yes
3427,2,No
3428,3,No
3430,5,No
3432,0,No
3433,1,No
3434,3,Yes
3435,0,No
3436,7,Yes
3437,4,Yes
3438,1,Yes
3440,0,No
3441,2,No
3442,1,Yes
3443,0,Yes
3445,0,No
3446,1,No
3447,0,No
3449,1,No
3450,1,No
3454,1,Yes
3455,1,No
3456,1,No
3457,2,Yes
3458,7,Yes
3460,3,No
3462,0,No
3465,0,No
3473,3,Yes
3475,3,Yes
3476,2,No
3478,3,No
3480,8,Yes
3481,1,No
3484,1,Yes
3486,1,Yes
3487,3,No
3488,6,Yes
3490,3,Yes
3491,3,No
3492,1,No
3494,2,Yes
3495,1,Yes
3496,1,Yes
3497,2,Yes
3498,6,No
3499,3,Yes
3501,0,No
3502,3,Yes
3503,2,No
3504,0,No
3505,0,Yes
3506,0,No
3508,11,Yes
3509,0,No
3510,3,No
3511,2,No
3512,9,Yes
3514,0,No
3515,0,Yes
3517,1,No
3518,1,No
3519,1,No
3522,11,Yes
3523,3,Yes
3524,4,No
3525,1,No
3526,1,Yes
3528,0,Yes
3529,5,Yes
3530,0,No
3531,4,Yes
3532,2,Yes
3533,6,No
3534,0,Yes
3537,5,Yes
3538,4,No
3539,5,No
3540,4,No
3541,1,Yes
3542,1,No
3543,13,No
3544,8,Yes
3546,1,No
3547,3,No
3550,0,No
3553,1,No
3554,1,No
3555,3,Yes
3557,2,No
3559,1,No
3560,1,No
3561,2,No
3564,0,Yes
3565,2,Yes
3566,0,No
3567,2,No
3568,1,No
3570,1,No
3571,5,Yes
3572,5,Yes
3573,0,No
3574,6,Yes
3575,3,Yes
3576,3,No
3577,4,Yes
3578,1,No
3579,1,Yes
3581,3,Yes
3582,0,Yes
3584,1,Yes
3585,1,Yes
3586,1,No
3587,5,Yes
3588,4,No
3589,0,Yes
3591,0,Yes
3592,0,No
3593,1,Yes
3594,3,Yes
3595,0,No
3597,1,No
3598,0,No
3599,7,Yes
3600,1,Yes
3602,1,Yes
3603,1,No
3605,0,No
3606,2,No
3611,6,No
3614,3,Yes
3615,5,Yes
3618,4,Yes
3619,3,No
3622,3,Yes
3623,1,Yes
3624,1,Yes
3625,1,Yes
3626,6,Yes
3627,2,Yes
3630,0,No
3633,2,Yes
3635,4,No
3636,1,Yes
3637,0,No
3639,1,Yes
3641,0,Yes
3642,0,No
3643,2,No
3644,5,Yes
3645,13,Yes
3647,7,No
3649,1,Yes
3650,3,Yes
3651,1,No
3652,1,Yes
3654,1,Yes
3655,0,No
3656,0,No
3658,1,No
3660,3,No
3661,5,Yes
3663,0,Yes
3664,0,No
3665,2,Yes
3666,1,Yes
3668,0,Yes
3669,1,No
3671,0,Yes
3673,1,No
3674,5,No
3676,6,Yes
3678,1,No
3679,1,No
3680,3,No
3681,1,No
3682,0,No
3683,1,No
3685,5,Yes
3686,2,No
3688,0,Yes
3689,5,No
3693,1,Yes
3694,1,No
3695,3,Yes
3696,3,No
3698,4,Yes
3699,1,No
3700,4,Yes
3703,1,No
3704,3,No
3706,2,Yes
3707,13,No
3708,1,No
3709,4,Yes
3712,7,Yes
3713,6,Yes
3714,1,Yes
3715,1,No
3716,3,Yes
3719,3,No
3720,5,Yes
3722,0,Yes
3723,0,Yes
3724,3,Yes
3725,0,No
3727,3,Yes
3729,10,Yes
3731,1,Yes
3734,0,No
3736,2,Yes
3737,4,No
3738,7,Yes
3740,7,Yes
3742,4,Yes
3743,4,Yes
3744,0,No
3745,4,Yes
3746,4,No
3747,0,Yes
3749,0,Yes
3750,4,Yes
3751,6,No
3752,5,Yes
3753,3,No
3754,3,No
3756,3,Yes
3757,8,Yes
3758,0,No
3759,2,Yes
3760,2,No
3762,1,No
3764,3,Yes
3765,3,Yes
3767,6,Yes
3772,5,No
3773,1,No
3774,1,Yes
3776,1,No
3777,0,No
3779,0,No
3780,0,Yes
3781,5,Yes
3782,1,Yes
3783,4,Yes
3784,0,Yes
3785,6,Yes
3787,5,No
3789,0,No
3790,1,No
3792,0,Yes
3793,5,Yes
3795,0,Yes
3796,0,Yes
3798,6,Yes
3799,0,No
3800,0,No
3801,4,Yes
3802,0,No
3803,6,Yes
3804,3,Yes
3805,8,Yes
3806,0,No
3809,1,Yes
3810,0,No
3812,5,Yes
3815,3,No
3816,1,Yes
3818,3,Yes
3819,4,No
3820,2,Yes
3821,4,Yes
3822,3,Yes
3823,0,No
3824,0,Yes
3825,3,No
3826,1,Yes
3827,1,No
3828,4,Yes
3829,1,Yes
3830,1,No
3831,0,No
3832,0,No
3833,1,No
3834,2,Yes
3836,0,No
3840,1,No
3841,3,Yes
3842,1,Yes
3844,2,Yes
3845,1,Yes
3846,0,No
3847,2,Yes
3851,3,Yes
3852,0,No
3853,2,Yes
3854,0,Yes
3855,3,Yes
3857,1,No
3858,2,No
3859,0,No
3861,1,Yes
3862,1,No
3864,1,No
3865,0,No
3867,0,No
3868,3,No
3870,2,Yes
3871,1,No
3872,1,Yes
3873,0,No
3876,1,No
3877,3,Yes
3878,0,Yes
3879,1,No
3881,5,No
3883,5,No
3884,1,No
3885,3,No
3887,1,Yes
3888,0,No
3890,7,Yes
3893,1,Yes
3894,1,No
3895,1,No
3897,1,Yes
3899,2,Yes
3901,1,No
3902,4,Yes
3905,4,No
3906,1,No
3909,4,Yes
3911,13,No
3912,0,No
3913,5,Yes
3914,0,No
3915,0,No
3916,2,No
3917,2,No
3919,6,Yes
3920,10,No
3922,1,Yes
3923,5,No
3924,1,Yes
3925,0,No
3928,2,Yes
3929,3,No
3930,4,Yes
3932,2,Yes
3933,4,No
3934,1,No
3935,7,Yes
3936,1,Yes
3939,2,Yes
3940,3,Yes
3942,3,Yes
3943,0,No
3944,3,Yes
3945,3,Yes
3946,3,No
3948,0,No
3949,0,No
3951,0,No
3952,1,No
3953,5,Yes
3954,4,No
3957,1,No
3959,0,No
3960,13,Yes
3961,4,No
3963,0,No
3965,0,Yes
3969,3,Yes
3970,2,No
3971,4,No
3972,9,Yes
3974,6,Yes
3975,2,Yes
3978,1,No
3981,1,Yes
3982,3,Yes
3987,1,Yes
3990,1,No
3991,4,Yes
3992,1,Yes
3993,1,Yes
3994,0,No
3995,1,Yes
3998,1,No
3999,1,No
4001,1,No
4002,2,Yes
4004,3,No
4006,6,No
4008,1,Yes
4010,7,Yes
4011,5,Yes
4013,0,No
4014,0,No
4015,2,Yes
4016,2,Yes
4017,3,Yes
4018,11,Yes
4020,3,Yes
4021,4,Yes
4022,1,Yes
4023,0,Yes
4024,7,Yes
4025,9,Yes
4026,1,No
4027,2,Yes
4028,3,No
4030,3,No
4031,1,No
4032,5,Yes
4035,1,Yes
4036,5,Yes
4038,15,Yes
4039,1,No
4040,5,Yes
4041,1,No
4042,13,Yes
4043,5,No
4044,0,No
4045,2,No
4046,3,Yes
4047,3,No
4048,1,No
4050,3,Yes
4051,1,No
4052,5,No
4053,5,Yes
4054,1,No
4055,11,Yes
4056,5,Yes
4058,0,Yes
4059,0,Yes
4062,4,Yes
4065,1,Yes
4067,0,No
4068,1,Yes
4069,4,No
4070,1,Yes
4071,3,Yes
4073,2,Yes
4075,3,No
4077,1,Yes
4078,0,No
4079,2,No
4080,0,No
4081,1,No
4084,4,No
4085,2,Yes
4086,0,Yes
4087,1,No
4088,1,Yes
4089,1,No
4090,1,No
4092,4,No
4093,1,Yes
4094,3,No
4095,3,Yes
4096,1,No
4097,1,No
4098,4,No
4099,3,No
4100,0,No
4101,4,Yes
4103,0,No
4104,0,No
4105,1,Yes
4106,3,No
4107,3,Yes
4108,1,Yes
4109,4,Yes
4110,3,Yes
4112,6,Yes
4113,4,No
4114,7,Yes
4115,2,No
4116,6,Yes
4119,3,Yes
4120,3,No
4121,2,Yes
4122,1,Yes
4123,2,No
4126,1,No
4127,3,No
4128,1,No
4129,1,No
4130,1,Yes
4131,3,Yes
4132,4,No
4133,3,No
4134,4,Yes
4137,10,No
4138,1,Yes
4139,1,No
4140,1,No
4142,0,No
4144,1,Yes
4146,4,Yes
4147,1,Yes
4148,3,No
4149,1,No
4150,1,No
4153,3,Yes
4155,3,Yes
4157,2,Yes
4158,1,Yes
4159,0,No
4161,1,Yes
4162,5,Yes
4163,1,No
4164,0,Yes
4166,3,Yes
4167,3,Yes
4168,0,No
4169,5,No
4170,2,Yes
4172,6,Yes
4173,5,Yes
4174,1,Yes
4175,5,Yes
4177,1,Yes
4178,0,No
4180,1,No
4181,6,Yes
4183,4,No
4184,11,Yes
4185,1,Yes
4186,3,No
4187,5,No
4188,6,No
4190,1,Yes
4191,5,Yes
4192,2,Yes
4193,1,Yes
4196,0,No
4197,4,No
4199,2,Yes
4200,5,Yes
4201,4,Yes
4202,1,No
4203,0,Yes
4204,0,No
4205,4,No
4206,1,Yes
4208,8,Yes
4209,1,Yes
4210,0,Yes
4211,4,Yes
4212,1,No
4213,1,No
4214,1,Yes
4216,4,No
4225,2,Yes
4226,5,Yes
4227,5,Yes
4228,1,No
4230,0,No
4233,2,Yes
4235,0,Yes
4236,3,No
4237,2,Yes
4238,0,Yes
4239,1,Yes
4243,2,No
4244,1,Yes
4245,6,Yes
4247,6,Yes
4248,7,No
4249,9,Yes
4250,7,Yes
4252,3,Yes
4253,0,Yes
4255,7,Yes
4256,3,No
4257,4,Yes
4259,0,No
4260,4,Yes
4262,4,Yes
4263,5,Yes
4264,1,No
4266,8,Yes
4267,1,Yes
4269,1,No
4270,0,No
4271,1,No
4273,5,Yes
4274,1,No
4275,3,No
4276,3,Yes
4278,2,No
4279,1,Yes
4280,5,Yes
4282,0,No
4283,3,No
4284,1,No
4286,1,Yes
4287,3,Yes
4288,3,No
4289,1,Yes
4290,2,Yes
4291,0,No
4292,0,Yes
4293,3,Yes
4294,0,No
4298,1,Yes
4299,0,No
4302,1,No
4304,3,No
4305,2,Yes
4306,5,Yes
4307,0,No
4308,5,Yes
4309,6,Yes
4313,3,Yes
4315,1,No
4316,1,Yes
4317,0,No
4318,1,No
4319,3,Yes
4320,1,Yes
4321,1,Yes
4322,7,Yes
4323,2,Yes
4325,9,Yes
4328,3,No
4329,0,No
4330,3,No
4332,1,Yes
4334,0,No
4335,7,Yes
4336,7,Yes
4338,3,Yes
4340,7,Yes
4342,5,Yes
4343,4,Yes
4344,4,Yes
4349,1,Yes
4350,0,Yes
4351,5,Yes
4353,0,No
4356,1,Yes
4358,1,Yes
4359,1,Yes
4360,3,Yes
4362,1,No
4365,2,No
4367,1,No
4368,4,No
4369,0,No
4370,3,No
4371,3,Yes
4372,0,No
4378,1,No
4379,1,Yes
4380,0,No
4381,3,Yes
4382,3,No
4383,0,No
4384,0,No
4388,3,Yes
4389,1,Yes
4390,2,No
4391,5,Yes
4392,1,Yes
4393,9,Yes
4396,1,No
4397,2,No
4398,3,No
4399,1,No
4400,5,Yes
4401,1,Yes
4405,0,No
4406,3,No
4407,6,Yes
4408,4,Yes
4411,0,No
4412,2,Yes
4413,2,No
4417,1,Yes
4418,2,Yes
4419,6,Yes
4420,6,Yes
4421,13,Yes
4424,3,Yes
4426,3,No
4428,5,No
4432,1,Yes
4433,2,Yes
4434,2,Yes
4435,1,Yes
4436,3,Yes
4437,1,No
4438,1,No
4439,1,No
4441,4,Yes
4442,2,Yes
4443,3,No
4444,0,No
4446,3,No
4447,3,No
4449,1,Yes
4450,1,No
4451,1,Yes
4453,1,No
4457,3,Yes
4458,1,Yes
4460,0,Yes
4463,1,Yes
4465,1,Yes
4466,1,No
4467,0,Yes
4468,1,Yes
4471,0,Yes
4472,1,No
4473,1,Yes
4475,1,Yes
4478,1,Yes
4479,1,Yes
4480,0,No
4482,5,Yes
4483,3,Yes
4485,6,Yes
4486,5,No
4487,1,No
4488,1,Yes
4495,2,Yes
4496,3,No
4499,1,Yes
4500,8,Yes
4502,1,No
4503,3,No
4504,1,No
4505,1,Yes
4506,6,Yes
4507,5,No
4508,4,Yes
4510,0,No
4511,3,No
4512,3,No
4513,5,Yes
4514,1,Yes
4516,0,No
4518,3,Yes
4519,2,No
4521,1,No
4523,1,No
4524,1,No
4526,1,No
4528,1,No
4529,1,No
4530,3,Yes
4535,3,No
4536,0,No
4538,3,No
4541,1,No
4544,4,Yes
4545,1,Yes
4547,5,Yes
4548,5,Yes
4549,2,Yes
4550,1,No
4551,1,No
4552,1,No
4553,3,Yes
4557,1,No
4558,0,No
4559,0,Yes
4560,2,Yes
4564,3,Yes
4565,4,No
4567,3,No
4568,1,Yes
4569,0,No
4570,1,Yes
4572,4,No
4573,1,No
4574,1,No
4575,6,Yes
4576,0,Yes
4577,1,No
4579,0,No
4580,9,Yes
4582,3,No
4585,6,Yes
4586,0,No
4587,2,No
4588,3,No
4589,1,Yes
4591,0,Yes
4592,5,Yes
4595,2,Yes
4597,3,Yes
4599,2,No
4600,7,No
4602,8,Yes
4603,1,Yes
4604,6,Yes
4606,4,Yes
4607,1,No
4608,5,Yes
4609,4,No
4610,1,Yes
4611,6,No
4613,7,Yes
4615,3,Yes
4617,4,Yes
4618,0,No
4620,0,No
4621,0,Yes
4622,2,No
4623,1,No
4625,1,No
4626,3,No
4627,1,Yes
4628,4,No
4629,3,No
4630,0,Yes
4632,4,No
4634,0,No
4635,1,No
4636,3,Yes
4638,6,Yes
4639,8,Yes
4641,0,No
4642,1,Yes
4643,0,No
4644,0,No
4645,1,Yes
4646,2,No
4647,9,Yes
4649,3,Yes
4650,3,Yes
4652,1,Yes
4654,1,Yes
4655,4,No
4657,6,Yes
4658,1,No
4659,3,Yes
4660,3,Yes
4661,7,Yes
4663,2,No
4664,0,Yes
4665,3,Yes
4666,2,No
4668,8,Yes
4669,5,No
4671,7,No
4673,2,No
4674,5,No
4675,0,No
4677,1,No
4678,0,No
4679,3,Yes
4680,3,Yes
4682,0,Yes
4685,1,Yes
4687,1,No
4688,0,No
4689,1,No
4692,1,Yes
4693,3,Yes
4695,0,No
4697,1,No
4698,1,No
4699,1,No
4700,3,No
4701,4,No
4702,0,Yes
4703,1,Yes
4704,1,No
4708,1,Yes
4709,3,No
4710,6,Yes
4711,2,Yes
4712,0,No
4713,0,No
4714,2,Yes
4715,0,Yes
4716,0,No
4717,1,No
4718,3,Yes
4719,1,No
4720,1,No
4721,1,No
4723,1,No
4724,0,Yes
4726,4,Yes
4727,7,Yes
4728,5,Yes
4729,3,Yes
4730,1,No
4731,5,Yes
4732,4,Yes
4733,1,Yes
4734,6,No
4735,0,No
4736,2,No
4737,4,Yes
4738,1,No
4739,1,No
4740,0,No
4741,1,No
4742,3,Yes
4745,0,No
4746,1,No
4748,0,Yes
4752,0,No
4753,1,Yes
4754,1,Yes
4757,1,No
4759,1,Yes
4762,0,No
4763,1,No
4764,1,No
4765,1,No
4766,12,Yes
4767,2,Yes
4768,5,Yes
4769,1,No
4770,0,Yes
4771,1,Yes
4772,1,No
4773,1,No
4774,3,No
4775,0,No
4776,0,No
4777,0,Yes
4778,1,No
4779,2,No
4781,3,No
4782,0,No
4784,3,No
4785,9,No
4788,0,No
4789,2,No
4790,11,No
4791,1,No
4792,3,Yes
4793,1,No
4794,4,No
4795,5,No
4796,0,No
4797,1,Yes
4799,3,Yes
4801,0,No
4802,1,No
4803,1,No
4804,1,No
4805,1,Yes
4806,4,Yes
4808,7,Yes
4809,0,Yes
4810,2,No
4811,3,No
4813,1,No
4814,1,No
4815,3,No
4816,1,No
4817,1,No
4818,0,Yes
4819,0,No
4820,7,Yes
4821,4,No
4822,3,Yes
4823,8,Yes
4824,1,No
4825,0,Yes
4826,1,No
4827,5,Yes
4829,1,No
4830,3,Yes
4832,1,Yes
4833,3,No
4834,0,No
4835,3,No
4836,5,No
4838,1,Yes
4839,4,No
4841,5,Yes
4843,0,Yes
4844,1,Yes
4845,5,Yes
4848,1,Yes
4849,5,Yes
4850,5,Yes
4851,10,No
4852,1,No
4854,5,Yes
4855,1,Yes
4857,1,No
4858,1,Yes
4859,3,Yes
4860,5,No
4861,2,No
4862,1,No
4864,4,No
4865,1,No
4867,1,Yes
4869,5,Yes
4870,5,No
4871,1,No
4872,3,Yes
4873,6,Yes
4874,1,No
4876,1,No
4877,3,Yes
4878,1,No
4879,6,No
4881,3,Yes
4882,5,Yes
4883,1,No
4884,6,Yes
4886,1,Yes
4887,2,No
4888,5,No
4889,3,No
4890,2,Yes
4891,1,Yes
4892,1,Yes
4893,2,No
4894,1,No
4896,1,Yes
4897,5,No
4899,7,Yes
4903,3,No
4905,7,Yes
4906,1,No
4909,1,No
4910,0,No
4911,1,No
4914,1,Yes
4915,0,Yes
4919,4,No
4920,0,Yes
4921,2,Yes
4925,6,No
4926,1,No
4930,3,No
4931,1,No
4932,2,No
4933,0,Yes
4935,3,No
4936,4,Yes
4937,1,Yes
4938,4,Yes
4939,1,No
4941,5,No
4942,2,Yes
4943,5,Yes
4945,0,Yes
4948,3,Yes
4949,12,Yes
4951,3,Yes
4953,2,Yes
4955,1,Yes
4956,1,Yes
4957,3,No
4958,3,No
4959,5,No
4960,1,No
4961,6,Yes
4962,5,Yes
4963,1,No
4964,1,No
4970,1,Yes
4971,2,No
4972,3,Yes
4973,0,No
4974,3,Yes
4975,5,No
4976,4,Yes
4977,4,Yes
4978,4,No
4980,1,Yes
4981,6,No
4983,1,No
4984,1,No
4985,1,No
4986,7,Yes
4987,3,Yes
4988,5,No
4989,5,No
4990,3,Yes
4992,0,Yes
4994,1,No
4996,1,No
4997,8,Yes
4998,1,No
4999,4,Yes
5000,4,Yes
5001,3,No
5002,4,Yes
5003,9,Yes
5004,3,Yes
5005,1,No
5008,5,Yes
5009,0,No
5011,2,Yes
5012,1,No
5013,1,No
5014,1,No
5015,3,Yes
5016,4,Yes
5017,0,No
5018,1,No
5019,1,No
5020,3,Yes
5021,1,No
5023,4,Yes
5024,0,No
5025,1,Yes
5026,0,No
5027,8,Yes
5028,1,No
5030,1,No
5032,8,Yes
5033,3,Yes
5034,1,Yes
5037,7,Yes
5039,4,No
5041,3,No
5042,3,Yes
5043,0,No
5045,1,Yes
5046,3,Yes
5047,5,Yes
5048,3,Yes
5049,0,Yes
5051,4,Yes
5053,5,Yes
5054,3,Yes
5056,2,Yes
5059,3,Yes
5060,3,Yes
5061,1,No
5063,0,No
5065,2,No
5066,1,Yes
5069,1,Yes
5072,1,No
5074,1,Yes
5075,1,No
5076,1,Yes
5078,0,No
5080,11,Yes
5081,6,Yes
5084,1,Yes
5085,4,No
5086,1,No
5087,0,No
5088,1,Yes
5089,0,No
5090,4,Yes
5091,3,Yes
5093,5,Yes
5094,3,Yes
5096,3,No
5097,3,Yes
5099,3,No
5103,2,Yes
5105,1,Yes
5106,2,Yes
5108,7,Yes
5110,0,Yes
5112,0,No
5113,0,No
5115,5,Yes
5116,1,No
5118,1,Yes
5119,3,No
5120,0,No
5121,1,No
5123,1,No
5124,1,Yes
5125,3,Yes
5126,7,Yes
5127,1,Yes
5129,3,Yes
5130,3,No
5132,1,No
5133,0,No
5134,1,No
5135,0,No
5136,3,Yes
5137,3,Yes
5138,3,No
5141,0,No
5142,4,No
5143,1,No
5145,3,Yes
5146,7,Yes
5147,1,No
5148,0,No
5149,0,Yes
5150,0,No
5151,4,No
5152,0,Yes
5153,1,Yes
5154,1,No
5155,6,Yes
5156,0,Yes
5157,0,No
5158,3,Yes
5159,1,Yes
5161,6,No
5163,2,No
5165,1,No
5166,0,No
5167,1,No
5168,0,Yes
5169,1,No
5170,1,Yes
5171,1,No
5172,0,Yes
5173,1,No
5174,1,No
5175,1,No
5176,1,No
5177,7,No
5178,3,No
5179,1,No
5180,1,No
5181,1,No
5182,1,No
5183,1,No
5185,1,No
5187,6,Yes
5188,1,Yes
5189,1,Yes
5191,2,No
5193,1,No
5195,0,No
5196,3,Yes
5198,7,Yes
5200,2,No
5201,3,Yes
5202,1,Yes
5205,1,Yes
5207,1,No
5208,1,Yes
5210,1,Yes
5211,7,Yes
5212,2,No
5213,3,Yes
5214,1,Yes
5215,1,Yes
5216,1,No
5217,3,No
5218,2,Yes
5221,1,No
5222,3,Yes
5223,11,No
5226,3,No
5227,3,No
5228,3,Yes
5229,5,Yes
5230,3,Yes
5233,0,No
5234,4,Yes
5235,1,No
5236,0,No
5237,3,Yes
5238,3,Yes
5239,2,Yes
5243,2,Yes
5244,1,No
5245,5,Yes
5246,1,Yes
5248,0,No
5250,3,Yes
5251,1,Yes
5253,1,No
5254,1,No
5255,6,No
5256,8,Yes
5257,1,No
5258,3,Yes
5260,0,Yes
5261,0,No
5262,1,Yes
5263,1,No
5264,0,No
5265,3,No
5266,1,No
5267,3,Yes
5269,1,Yes
5270,7,Yes
5271,3,Yes
5272,8,Yes
5273,1,Yes
5277,1,Yes
5278,3,No
5279,5,Yes
5280,3,No
5282,2,Yes
5283,6,Yes
5284,7,No
5286,1,Yes
5288,3,No
5289,1,Yes
5290,8,Yes
5292,2,Yes
5293,10,Yes
5294,3,Yes
5296,9,No
5297,1,Yes
5299,1,Yes
5300,3,Yes
5302,4,Yes
5303,1,No
5304,5,No
5305,1,No
5306,1,No
5308,5,No
5309,4,Yes
5310,6,Yes
5311,9,Yes
5313,1,Yes
5315,1,No
5318,16,Yes
5319,4,No
5322,1,Yes
5323,0,Yes
5324,1,Yes
5326,2,No
5328,1,No
5330,0,Yes
5331,1,No
5332,4,No
5333,1,No
5335,3,Yes
5336,6,No
5338,3,No
5339,2,No
5340,0,No
5341,0,No
5342,1,No
5343,3,No
5344,1,No
5345,3,Yes
5346,1,No
5348,1,No
5349,1,Yes
5350,0,No
5351,0,No
5353,1,Yes
5354,0,No
5356,1,Yes
5357,2,Yes
5358,2,Yes
5359,1,No
5361,1,No
5363,1,Yes
5365,4,Yes
5366,4,No
5367,1,Yes
5368,4,Yes
5369,1,Yes
5370,3,Yes
5371,4,Yes
5372,0,Yes
5373,8,Yes
5375,1,Yes
5376,11,Yes
5377,0,Yes
5379,1,Yes
5380,0,No
5381,3,No
5382,8,Yes
5383,1,Yes
5384,3,Yes
5385,4,Yes
5386,1,Yes
5387,3,Yes
5388,5,No
5389,5,Yes
5390,3,Yes
5391,1,No
5392,1,No
5393,1,No
5394,1,No
5395,13,Yes
5397,0,No
5398,5,Yes
5399,1,No
5400,2,Yes
5401,4,Yes
5403,6,Yes
5404,3,Yes
5405,1,No
5406,0,Yes
5407,1,Yes
5408,1,Yes
5409,3,Yes
5410,3,Yes
5411,1,No
5413,1,No
5415,1,Yes
5416,0,Yes
5417,1,No
5418,2,Yes
5419,1,No
5420,1,Yes
5422,2,Yes
5424,1,No
5425,1,Yes
5427,2,No
5429,1,No
5430,0,No
5431,0,Yes
5432,1,No
5434,8,Yes
5435,1,No
5436,3,Yes
5437,4,Yes
5438,3,No
5440,0,No
5441,4,No
5442,1,Yes
5445,7,Yes
5446,1,No
5447,5,No
5449,4,Yes
5450,5,Yes
5451,2,Yes
5452,5,Yes
5454,4,Yes
5455,3,Yes
5456,2,Yes
5457,0,No
5458,1,Yes
5459,5,Yes
5460,1,No
5462,1,Yes
5464,1,No
5467,1,No
5468,1,No
5470,3,Yes
5474,1,No
5477,1,No
5478,3,Yes
5479,9,No
5480,5,Yes
5481,4,Yes
5482,5,Yes
5483,3,No
5484,4,No
5487,1,No
5488,6,Yes
5489,3,No
5491,4,Yes
5492,5,No
5493,1,No
5494,3,No
5495,1,Yes
5497,4,No
5498,2,Yes
5499,1,No
5501,7,Yes
5502,0,No
5503,6,Yes
5504,4,No
5506,3,No
5508,4,No
5509,1,No
5511,1,No
5514,1,Yes
5517,1,Yes
5518,5,Yes
5522,1,No
5523,0,No
5524,1,Yes
5526,1,No
5527,4,No
5529,3,Yes
5530,1,No
5531,0,No
5533,1,No
5534,5,Yes
5535,2,Yes
5536,1,Yes
5537,7,Yes
5538,4,No
5539,1,Yes
5541,0,No
5542,7,Yes
5543,3,Yes
5544,3,Yes
5545,1,Yes
5546,1,Yes
5547,1,No
5548,1,Yes
5549,3,No
5552,2,Yes
5553,3,No
5554,3,Yes
5555,1,No
5556,1,Yes
5557,5,No
5558,5,Yes
5559,3,No
5560,1,No
5561,1,Yes
5564,1,No
5565,1,No
5566,0,Yes
5568,1,Yes
5569,5,No
5570,2,Yes
5571,1,Yes
5572,7,Yes
5573,1,Yes
5574,0,No
5575,1,Yes
5577,4,Yes
5578,1,Yes
5580,1,Yes
5581,2,Yes
5582,6,Yes
5583,3,Yes
5584,1,No
5586,1,Yes
5587,0,No
5588,3,No
5589,1,Yes
5591,1,No
5593,9,Yes
5594,3,Yes
5595,0,No
5596,9,Yes
5597,0,No
5598,0,Yes
5599,3,No
5600,0,Yes
5601,3,No
5603,3,Yes
5608,0,No
5609,2,Yes
5610,4,Yes
5612,1,Yes
5613,0,Yes
5614,0,Yes
5615,1,No
5617,0,No
5618,1,Yes
5619,0,No
5620,3,Yes
5622,5,Yes
5623,1,Yes
5624,1,Yes
5625,3,No
5628,0,No
5629,5,Yes
5630,3,No
5632,1,Yes
5633,3,Yes
5634,1,No
5636,3,Yes
5637,2,Yes
5638,5,Yes
5639,1,No
5641,3,Yes
5642,1,No
5643,1,Yes
5644,0,No
5645,9,Yes
5647,3,No
5648,2,Yes
5649,5,No
5650,7,Yes
5651,0,No
5654,0,No
5657,1,No
5658,1,No
5661,3,Yes
5662,3,No
5664,1,Yes
5665,2,No
5666,6,No
5669,1,No
5673,3,Yes
5674,2,Yes
5675,5,No
5676,4,No
5677,1,No
5678,3,Yes
5680,3,Yes
5681,3,No
5682,1,Yes
5683,1,No
5684,1,Yes
5686,8,Yes
5687,1,No
5688,1,No
5689,3,Yes
5690,1,No
5691,1,No
5693,4,No
5694,5,Yes
5695,1,No
5696,0,Yes
5697,6,No
5698,0,No
5699,1,No
5700,0,No
5701,1,Yes
5702,6,No
5703,1,Yes
5706,1,Yes
5707,1,Yes
5708,1,No
5709,1,Yes
5710,1,No
5711,1,Yes
5714,3,Yes
5715,0,Yes
5716,1,Yes
5718,1,No
5720,1,Yes
5721,2,Yes
5722,0,Yes
5723,3,Yes
5727,3,Yes
5728,3,No
5729,4,No
5730,0,No
5731,0,No
5732,1,Yes
5733,2,Yes
5736,1,No
5737,3,Yes
5740,2,Yes
5741,3,Yes
5742,6,Yes
5743,0,No
5744,2,No
5745,7,Yes
5747,1,No
5748,1,No
5749,0,No
5750,2,Yes
5753,0,No
5754,3,Yes
5755,0,No
5756,1,Yes
5757,2,Yes
5759,2,Yes
5760,3,Yes
5761,1,No
5764,1,No
5766,5,Yes
5767,1,No
5768,7,Yes
5770,6,Yes
5771,1,Yes
5772,1,No
5773,2,No
5774,1,Yes
5775,1,Yes
5776,5,Yes
5778,5,No
5779,1,No
5780,0,Yes
5781,1,No
5782,1,Yes
5783,8,No
5784,3,Yes
5785,1,Yes
5787,1,No
5788,6,Yes
5789,0,Yes
5792,5,Yes
5793,3,Yes
5794,1,Yes
5795,1,Yes
5796,7,Yes
5797,0,Yes
5798,3,Yes
5799,0,Yes
5802,3,No
5803,4,Yes
5806,2,No
5807,7,Yes
5812,2,Yes
5813,0,Yes
5814,1,Yes
5815,1,Yes
5819,3,Yes
5820,9,Yes
5821,6,No
5822,1,No
5823,1,No
5824,2,Yes
5825,2,No
5826,1,Yes
5827,3,Yes
5828,1,No
5830,3,No
5831,4,Yes
5832,4,Yes
5833,0,No
5834,2,Yes
5835,0,No
5836,0,Yes
5837,0,No
5838,0,No
5839,0,No
5840,9,Yes
5842,1,No
5843,1,Yes
5844,0,Yes
5845,1,No
5847,1,Yes
5848,0,No
5849,0,Yes
5851,1,No
5852,3,Yes
5853,1,Yes
5854,0,Yes
5855,3,No
5856,4,No
5857,4,Yes
5859,6,Yes
5860,0,No
5861,0,Yes
5862,3,Yes
5863,1,No
5865,4,No
5867,1,Yes
5868,3,Yes
5869,3,Yes
5870,1,Yes
5873,1,No
5874,0,Yes
5875,3,Yes
5876,7,No
5878,0,No
5880,3,No
5881,0,No
5882,0,Yes
5885,4,No
5886,4,Yes
5887,0,Yes
5888,0,No
5890,1,No
5892,1,Yes
5894,3,Yes
5895,1,No
5896,4,Yes
5897,6,Yes
5898,1,No
5899,0,Yes
5900,0,No
5901,0,No
5902,4,Yes
5903,4,Yes
5904,4,No
5905,3,Yes
5906,1,Yes
5907,5,Yes
5908,1,Yes
5912,4,No
5914,0,No
5915,0,No
5916,3,Yes
5917,3,No
5918,4,No
5922,2,Yes
5924,1,Yes
5925,0,Yes
5926,3,No
5927,3,Yes
5929,1,No
5930,3,No
5931,2,No
5933,1,Yes
5934,1,No
5935,1,Yes
5936,3,Yes
5937,3,Yes
5938,0,No
5939,2,Yes
5940,0,No
5941,0,No
5942,2,Yes
5944,6,Yes
5946,0,Yes
5947,1,Yes
5948,2,Yes
5950,2,No
5952,0,No
5953,1,Yes
5954,0,Yes
5955,1,Yes
5956,0,No
5957,3,No
5958,1,Yes
5959,1,No
5963,3,Yes
5964,3,No
5965,1,Yes
5967,0,No
5970,0,No
5971,0,Yes
5972,0,Yes
5974,3,Yes
5975,0,Yes
5976,1,Yes
5977,4,No
5978,4,No
5980,4,Yes
5981,6,Yes
5982,3,Yes
5983,1,No
5984,1,Yes
5986,3,No
5989,2,Yes
5990,3,No
5991,2,Yes
5992,0,Yes
5993,3,Yes
5994,0,Yes
5995,0,No
5996,3,No
5999,0,No
6000,2,Yes
6001,0,Yes
6002,0,No
6003,0,No
6005,3,No
6006,1,Yes
6007,3,No
6008,2,Yes
6010,1,No
6013,2,No
6017,3,Yes
6019,1,Yes
6020,0,No
6021,1,No
6023,0,No
6025,3,Yes
6026,6,Yes
6027,2,No
6030,3,Yes
6032,4,No
6033,1,No
6034,1,No
6035,5,Yes
6036,0,Yes
6038,2,Yes
6039,3,No
6040,1,No
6041,6,Yes
6042,3,Yes
6043,1,No
6044,1,No
6046,0,No
6047,3,No
6048,1,Yes
6051,2,No
6053,4,No
6056,5,Yes
6057,1,No
6059,1,No
6060,7,Yes
6061,4,Yes
6062,1,No
6063,5,Yes
6064,2,Yes
6065,2,No
6068,3,Yes
6069,5,Yes
6070,6,Yes
6072,1,No
6073,3,Yes
6075,1,No
6076,0,No
6077,1,Yes
6080,0,No
6081,3,Yes
6086,1,Yes
6087,0,Yes
6088,3,Yes
6092,3,No
6094,4,Yes
6095,1,No
6099,5,Yes
6100,10,Yes
6101,5,Yes
6102,3,Yes
6103,1,Yes
6104,4,No
6105,0,No
6107,2,Yes
6108,4,No
6111,4,No
6115,4,Yes
6116,2,No
6118,4,Yes
6121,5,Yes
6122,1,Yes
6124,3,Yes
6125,0,No
6126,3,Yes
6127,4,Yes
6128,1,Yes
6129,1,Yes
6132,3,No
6133,0,No
6134,3,No
6135,3,No
6136,1,Yes
6138,0,No
6140,3,Yes
6141,3,No
6142,0,No
6143,0,No
6144,8,Yes
6148,5,Yes
6149,0,Yes
6150,2,Yes
6151,3,Yes
6152,5,Yes
6153,4,No
6156,5,Yes
6158,1,No
6163,3,Yes
6164,1,No
6165,0,No
6167,1,Yes
6170,1,No
6171,3,Yes
6172,2,Yes
6173,1,Yes
6174,5,Yes
6175,0,No
6176,2,Yes
6178,1,No
6182,4,Yes
6183,4,Yes
6184,4,Yes
6185,1,No
6187,7,No
6188,2,No
6189,0,Yes
6192,2,Yes
6193,1,No
6194,1,Yes
6195,3,Yes
6197,1,Yes
6199,1,No
6200,3,Yes
6201,0,Yes
6203,1,Yes
6205,3,Yes
6206,3,Yes
6207,1,Yes
6208,5,Yes
6209,1,No
6210,7,Yes
6212,1,Yes
6214,1,Yes
6215,0,Yes
6216,3,Yes
6219,1,Yes
6221,1,Yes
6223,1,No
6224,3,No
6225,1,No
6226,1,Yes
6227,1,Yes
6228,5,Yes
6229,1,Yes
6230,11,Yes
6231,1,No
6233,1,No
6234,3,No
6236,0,No
6237,4,No
6238,5,No
6239,2,Yes
6240,5,Yes
6241,1,No
6243,3,No
6244,1,Yes
6247,5,No
6249,1,Yes
6250,0,No
6252,7,Yes
6253,0,Yes
6254,6,Yes
6256,1,No
6258,3,No
6259,3,No
6260,0,No
6263,8,No
6264,4,Yes
6265,3,No
6269,1,No
6270,1,Yes
6271,4,No
6272,1,Yes
6273,7,Yes
6274,3,No
6275,0,No
6276,3,No
6278,0,No
6281,1,Yes
6282,6,Yes
6284,2,No
6285,0,Yes
6286,5,Yes
6288,5,Yes
6290,7,Yes
6291,0,Yes
6292,1,No
6294,1,Yes
6295,1,No
6296,3,No
6297,3,No
6299,1,No
6300,1,Yes
6301,1,No
6302,5,No
6303,4,No
6305,3,No
6306,1,No
6307,1,No
6309,7,Yes
6310,1,Yes
6311,1,Yes
6315,1,No
6316,1,Yes
6317,3,No
6318,1,No
6319,1,No
6321,0,Yes
6323,1,No
6324,0,No
6325,1,Yes
6326,5,Yes
6327,1,Yes
6328,4,No
6329,3,Yes
6330,1,No
6331,0,Yes
6332,1,Yes
6335,1,No
6336,3,No
6339,4,No
6340,7,Yes
6341,3,Yes
6342,1,Yes
6343,0,No
6344,4,Yes
6345,6,No
6346,0,No
6347,1,Yes
6349,2,No
6350,1,Yes
6352,7,Yes
6353,1,No
6355,3,Yes
6356,3,No
6357,6,Yes
6359,9,Yes
6360,4,Yes
6361,3,Yes
6362,0,No
6363,0,No
6365,1,No
6367,5,Yes
6369,2,No
6370,0,Yes
6371,9,Yes
6372,0,No
6373,1,Yes
6374,5,Yes
6375,0,No
6376,4,No
6378,1,No
6379,0,No
6380,1,Yes
6381,2,No
6383,1,No
6386,4,Yes
6388,1,Yes
6389,1,Yes
6391,4,Yes
6392,4,No
6393,3,No
6394,0,No
6395,1,No
6396,3,Yes
6399,4,Yes
6401,1,Yes
6403,0,No
6404,3,Yes
6405,1,Yes
6407,1,No
6409,5,Yes
6411,1,Yes
6412,3,Yes
6413,0,No
6415,1,No
6416,3,No
6417,5,No
6419,1,No
6421,7,Yes
6422,1,No
6423,0,Yes
6424,3,No
6425,4,Yes
6428,5,Yes
6433,4,Yes
6434,1,No
6435,1,No
6436,1,Yes
6437,1,No
6438,1,No
6440,4,Yes
6441,3,Yes
6442,3,No
6443,0,No
6444,8,Yes
6445,5,Yes
6446,1,No
6447,1,Yes
6448,1,Yes
6449,1,Yes
6450,3,Yes
6452,0,No
6453,6,Yes
6454,3,No
6455,13,Yes
6456,7,Yes
6457,3,No
6458,3,Yes
6459,1,Yes
6460,5,No
6461,1,No
6465,4,Yes
6466,3,Yes
6468,5,Yes
6471,1,No
6472,4,Yes
6473,5,Yes
6474,5,No
6475,3,Yes
6477,1,No
6479,3,No
6480,3,No
6481,5,Yes
6482,1,Yes
6484,3,No
6485,4,No
6486,7,Yes
6487,0,No
6488,1,No
6490,5,Yes
6492,3,No
6493,1,No
6494,1,Yes
6495,1,No
6496,1,Yes
6498,1,No
6499,3,No
6500,3,No
6501,2,No
6502,6,Yes
6504,1,Yes
6505,10,No
6506,0,No
6507,11,Yes
6510,6,Yes
6512,4,Yes
6513,1,No
6515,2,Yes
6516,4,No
6517,1,No
6518,0,No
6519,3,Yes
6521,0,No
6522,1,No
6525,6,Yes
6526,4,Yes
6527,0,No
6528,5,Yes
6530,1,No
6533,3,No
6534,2,Yes
6535,2,Yes
6537,4,Yes
6538,3,Yes
6540,2,Yes
6542,4,No
6543,1,No
6546,4,Yes
6547,0,No
6549,5,Yes
6551,4,Yes
6552,3,Yes
6556,8,Yes
6559,6,Yes
6560,4,No
6563,1,No
6564,1,No
6565,1,No
6567,5,Yes
6569,0,Yes
6575,2,No
6576,2,Yes
6578,0,Yes
6579,4,Yes
6582,0,No
6583,1,Yes
6584,0,No
6587,3,No
6588,0,No
6589,1,Yes
6590,1,No
6591,3,No
6592,3,Yes
6593,5,No
6595,4,No
6597,3,Yes
6601,3,Yes
6602,3,No
6604,1,No
6605,0,Yes
6607,3,Yes
6608,1,No
6609,1,No
6610,1,No
6611,0,No
6612,3,Yes
6613,3,No
6614,3,No
6617,1,No
6618,1,Yes
6620,3,No
6621,4,Yes
6622,1,Yes
6623,0,No
6626,1,No
6628,1,No
6630,1,Yes
6631,1,No
6634,7,Yes
6638,7,No
6639,1,Yes
6640,1,No
6641,2,Yes
6642,0,No
6644,4,No
6645,1,No
6646,3,No
6647,1,No
6648,3,No
6649,1,No
6650,2,Yes
6652,1,Yes
6654,3,No
6656,2,Yes
6657,2,Yes
6658,3,Yes
6659,1,No
6660,0,No
6661,4,Yes
6662,2,Yes
6663,1,No
6664,3,Yes
6665,0,No
6667,1,Yes
6669,0,No
6670,3,Yes
6671,1,Yes
6672,1,Yes
6673,0,No
6674,1,Yes
6675,12,No
6678,1,No
6679,1,No
6681,0,No
6682,7,No
6683,2,No
6684,7,Yes
6685,1,Yes
6686,1,No
6687,1,No
6688,0,No
6689,1,No
6692,1,Yes
6693,4,No
6694,3,Yes
6696,5,No
6699,5,Yes
6700,1,No
6701,3,No
6702,0,No
6706,1,No
6707,0,No
6710,3,No
6712,0,No
6714,3,Yes
6716,0,No
6717,2,No
6718,1,Yes
6719,1,No
6723,1,No
6724,1,No
6726,8,Yes
6727,7,Yes
6728,5,Yes
6729,7,No
6730,1,No
6733,3,Yes
6737,2,Yes
6738,1,Yes
6739,3,No
6740,1,Yes
6741,1,No
6742,1,Yes
6743,1,Yes
6745,6,No
6746,1,No
6748,0,No
6749,1,No
6750,1,Yes
6751,1,No
6754,2,Yes
6755,2,No
6758,1,Yes
6759,7,Yes
6760,1,No
6762,1,Yes
6764,2,No
6765,4,No
6767,4,Yes
6770,1,Yes
6772,1,No
6773,4,Yes
6777,0,Yes
6778,1,No
6781,3,Yes
6782,2,Yes
6784,2,No
6785,1,Yes
6787,3,Yes
6789,3,Yes
6791,3,Yes
6793,1,Yes
6794,5,Yes
6795,1,Yes
6796,3,No
6797,1,Yes
6798,1,Yes
6799,4,No
6800,5,Yes
6802,3,No
6803,0,Yes
6804,1,No
6805,0,No
6806,6,Yes
6807,2,No
6808,3,No
6809,3,No
6811,3,Yes
6812,0,Yes
6813,6,Yes
6814,4,Yes
6815,3,No
6816,0,Yes
6820,4,Yes
6822,2,Yes
6823,1,Yes
6824,5,Yes
6827,0,No
6828,0,Yes
6830,1,No
6833,1,No
6834,1,No
6835,1,Yes
6836,3,Yes
6838,1,Yes
6840,0,No
6842,5,Yes
6843,1,Yes
6844,2,Yes
6845,3,Yes
6847,2,Yes
6849,2,Yes
6851,0,Yes
6852,4,Yes
6853,2,Yes
6855,3,No
6856,1,No
6858,5,No
6859,3,No
6860,2,Yes
6865,4,No
6869,1,Yes
6870,0,No
6871,3,Yes
6872,7,Yes
6874,0,No
6875,3,Yes
6876,4,No
6878,0,Yes
6879,4,Yes
6880,4,Yes
6881,3,Yes
6882,0,No
6883,3,Yes
6887,0,No
6889,1,No
6890,0,No
6891,7,Yes
6892,1,No
6893,3,Yes
6894,2,No
6895,1,Yes
6896,6,Yes
6898,0,No
6899,2,No
6900,1,Yes
6901,2,No
6902,5,No
6903,2,Yes
6904,3,No
6906,3,No
6907,3,No
6909,0,No
6912,1,Yes
6915,2,Yes
6916,0,No
6918,0,Yes
6919,0,No
6921,3,No
6922,1,Yes
6923,11,Yes
6924,1,No
6926,0,No
6928,0,No
6929,1,Yes
6930,0,Yes
6931,1,No
6933,2,Yes
6934,3,No
6935,0,Yes
6936,2,No
6937,4,No
6938,1,Yes
6941,2,Yes
6945,0,No
6947,2,Yes
6948,2,No
6949,1,Yes
6951,0,No
6954,7,Yes
6955,3,No
6957,0,Yes
6959,1,No
6961,4,Yes
6963,3,No
6965,0,Yes
6966,1,Yes
6967,8,No
6968,0,No
6972,1,Yes
6973,3,Yes
6974,2,Yes
6975,5,Yes
6976,2,No
6982,7,Yes
6983,5,No
6984,6,Yes
6985,0,Yes
6987,0,No
6989,1,No
6991,0,Yes
6992,0,Yes
6993,1,Yes
6994,5,Yes
6995,0,Yes
6996,6,Yes
6997,3,Yes
6998,0,No
6999,5,Yes
7000,0,Yes
7001,0,No
7002,1,Yes
7003,0,Yes
7004,1,No
7005,0,No
7006,2,Yes
7008,1,Yes
7009,4,Yes
7010,0,No
7013,1,Yes
7015,0,No
7016,0,No
7020,2,No
7021,0,No
7022,1,Yes
7023,2,Yes
7024,3,Yes
7025,0,No
7027,1,Yes
7028,1,No
7029,1,Yes
7030,1,Yes
7031,2,No
7032,0,No
7033,0,No
7034,0,No
7035,2,Yes
7036,1,No
7037,1,No
7038,1,No
7039,1,Yes
7041,0,No
7042,1,Yes
7043,3,No
7044,6,Yes
7045,0,Yes
7046,2,Yes
7047,2,No
7048,0,Yes
7049,1,Yes
7050,6,No
7051,1,No
7053,2,No
7055,1,Yes
7056,1,Yes
7058,1,No
7059,0,No
7060,0,No
7061,1,No
7062,3,No
7063,1,Yes
7064,0,No
7066,0,No
7067,3,Yes
7068,0,No
7074,0,No
7075,1,Yes
7076,2,Yes
7077,4,Yes
7079,3,Yes
7080,2,No
7081,3,Yes
7082,11,Yes
7084,4,Yes
7085,4,Yes
7086,0,No
7087,1,Yes
7089,1,No
7092,2,Yes
7093,3,Yes
7096,1,No
7097,1,Yes
7098,3,No
7102,2,Yes
7103,2,Yes
7109,5,Yes
7110,3,No
7111,4,No
7112,5,Yes
7113,0,No
7115,2,No
7116,4,Yes
7117,10,Yes
7118,1,No
7121,1,No
7122,1,No
7123,3,Yes
7124,3,No
7125,3,Yes
7126,3,No
7128,4,No
7129,3,No
7130,3,Yes
7131,8,Yes
7132,0,Yes
7133,0,No
7136,0,No
7137,3,Yes
7138,1,Yes
7139,1,No
7140,6,Yes
7141,0,Yes
7142,2,Yes
7143,0,Yes
7145,6,Yes
7146,3,Yes
7147,4,Yes
7148,1,No
7149,3,No
7150,4,No
7151,0,Yes
7153,3,Yes
7154,0,Yes
7155,3,Yes
7157,1,No
7158,3,Yes
7159,1,Yes
7161,0,No
7164,0,Yes
7165,7,Yes
7166,1,Yes
7168,1,Yes
7169,7,Yes
7170,3,Yes
7171,0,No
7172,3,No
7173,1,No
7174,1,Yes
7175,4,Yes
7176,9,No
7178,1,Yes
7179,1,Yes
7180,3,No
7182,3,No
7183,0,No
7184,0,No
7186,0,No
7188,1,No
7190,0,No
7191,3,Yes
7194,0,No
7195,1,Yes
7197,0,Yes
7202,1,Yes
7203,1,Yes
7205,1,Yes
7206,4,No
7207,1,No
7208,8,No
7209,6,No
7210,0,Yes
7211,5,No
7214,7,No
7215,1,No
7217,3,Yes
7218,1,Yes
7219,3,No
7220,1,Yes
7221,4,No
7223,1,Yes
7224,1,Yes
7227,4,Yes
7228,2,Yes
7229,5,Yes
7232,1,Yes
7233,0,No
7234,1,Yes
7235,1,Yes
7236,1,Yes
7241,2,No
7242,0,Yes
7243,3,Yes
7244,3,No
7245,5,Yes
7246,2,No
7247,1,No
7248,0,Yes
7250,0,Yes
7251,0,No
7252,0,Yes
7254,0,Yes
7255,0,Yes
7256,0,Yes
7257,1,No
7258,0,Yes
7260,1,Yes
7261,3,No
7262,5,No
7264,1,No
7265,1,Yes
7267,4,No
7268,2,Yes
7270,3,Yes
7271,1,No
7273,0,No
7274,0,Yes
7275,3,Yes
7276,2,Yes
7278,6,Yes
7279,0,Yes
7281,4,Yes
7282,2,Yes
7285,0,Yes
7286,0,Yes
7287,0,Yes
7288,2,Yes
7289,2,Yes
7291,3,Yes
7293,4,Yes
7294,0,No
7296,4,Yes
7297,0,No
7298,3,Yes
7299,2,Yes
7300,0,No
7301,0,No
7302,1,Yes
7304,7,Yes
7306,4,Yes
7308,0,No
7309,1,No
7310,5,Yes
7311,0,Yes
7312,0,Yes
7316,1,Yes
7318,3,Yes
7320,0,Yes
7321,1,Yes
7323,1,Yes
7324,0,Yes
7325,0,Yes
7326,3,No
7327,4,Yes
7328,1,Yes
7332,2,Yes
7333,0,No
7334,2,Yes
7335,6,No
7338,5,Yes
7339,1,Yes
7340,5,Yes
7341,0,No
7342,5,Yes
7343,7,Yes
7344,0,No
7345,1,Yes
7346,4,Yes
7347,5,No
7348,1,No
7350,1,No
7351,0,No
7352,0,No
7353,0,Yes
7354,3,No
7355,5,Yes
7357,3,No
7358,6,Yes
7359,0,Yes
7360,0,No
7361,2,Yes
7362,0,No
7363,2,Yes
7364,1,Yes
7367,0,No
7368,0,No
7369,0,No
7370,8,Yes
7371,1,Yes
7374,2,Yes
7377,2,Yes
7378,6,Yes
7383,0,Yes
7384,6,No
7386,1,No
7387,2,No
7390,1,No
7391,3,Yes
7392,0,Yes
7393,1,Yes
7394,1,Yes
7395,3,Yes
7396,1,Yes
7397,3,Yes
7398,3,Yes
7399,1,Yes
7400,1,No
7402,3,Yes
7405,7,Yes
7406,7,Yes
7408,2,Yes
7409,6,Yes
7410,2,No
7412,1,Yes
7413,0,No
7414,0,Yes
7416,5,Yes
7418,1,Yes
7419,0,No
7420,1,Yes
7421,2,Yes
7422,1,No
7423,1,No
7426,5,Yes
7431,1,Yes
7433,1,No
7434,1,No
7435,7,Yes
7437,1,Yes
7438,3,Yes
7439,0,No
7440,6,No
7441,8,Yes
7442,3,No
7443,1,Yes
7444,4,No
7445,1,No
7446,3,Yes
7448,3,Yes
7449,3,No
7450,2,Yes
7451,5,Yes
7453,3,Yes
7454,3,No
7455,1,No
7456,1,No
7458,1,Yes
7459,4,Yes
7460,14,Yes
7461,1,No
7463,1,Yes
7468,1,No
7469,1,No
7470,2,No
7472,1,No
7473,3,No
7474,1,No
7475,4,Yes
7477,0,Yes
7478,4,Yes
7479,3,No
7482,1,No
7483,1,Yes
7484,4,Yes
7486,3,No
7487,1,No
7488,1,Yes
7489,3,Yes
7490,3,Yes
7491,2,No
7492,0,No
7493,1,Yes
7495,0,No
7496,0,No
7497,2,No
7498,2,No
7499,0,No
7500,1,Yes
7501,8,Yes
7502,2,Yes
7503,1,No
7507,6,Yes
7508,3,Yes
7509,1,Yes
7510,1,No
7511,3,No
7512,3,No
7513,4,No
7514,3,No
7515,0,Yes
7516,2,No
7517,3,Yes
7519,0,Yes
7522,3,No
7523,3,Yes
7525,2,Yes
7526,0,Yes
7527,1,Yes
7528,1,Yes
7531,1,Yes
7532,0,No
7533,2,Yes
7534,6,No
7535,0,No
7537,4,Yes
7539,0,Yes
7540,1,Yes
7541,7,Yes
7543,0,Yes
7544,0,No
7546,1,Yes
7547,4,Yes
7549,0,No
7551,4,No
7553,0,No
7554,1,No
7555,0,No
7556,1,No
7557,1,No
7558,3,Yes
7559,3,Yes
7561,3,Yes
7562,3,No
7563,2,Yes
7564,0,No
7565,6,Yes
7567,5,No
7568,1,No
7570,3,No
7571,0,No
7572,0,No
7573,3,Yes
7574,2,No
7575,1,No
7579,3,No
7580,1,No
7582,3,Yes
7584,1,Yes
7587,3,No
7588,2,Yes
7589,2,Yes
7590,4,Yes
7591,4,No
7592,1,Yes
7593,1,Yes
7595,2,Yes
7596,0,No
7598,1,No
7599,0,No
7600,0,Yes
7601,3,Yes
7603,2,Yes
7604,3,Yes
7606,1,Yes
7607,5,Yes
7611,12,Yes
7612,4,Yes
7613,4,Yes
7616,2,Yes
7617,0,Yes
7618,3,Yes
7621,6,Yes
7622,0,Yes
7623,2,No
7624,4,Yes
7626,0,No
7627,1,No
7628,3,No
7629,3,Yes
7630,0,Yes
7631,3,Yes
7633,4,Yes
7634,0,Yes
7635,3,Yes
7636,2,Yes
7637,1,Yes
7642,3,No
7643,3,Yes
7644,1,No
7646,0,Yes
7648,5,No
7652,5,Yes
7653,3,Yes
7654,1,No
7655,0,No
7656,1,Yes
7657,2,No
7658,5,Yes
7659,3,Yes
7660,0,No
7661,1,Yes
7662,0,No
7664,0,No
7665,1,No
7666,0,No
7667,0,No
7668,3,No
7669,1,Yes
7671,2,Yes
7673,1,No
7674,0,Yes
7676,2,Yes
7677,2,Yes
7678,1,No
7679,1,No
7682,0,No
7685,0,No
7687,6,Yes
7689,3,No
7690,5,Yes
7692,5,Yes
7693,5,Yes
7694,12,Yes
7695,1,No
7697,6,Yes
7698,0,No
7699,1,No
7700,0,No
7701,9,Yes
7702,3,No
7703,2,No
7704,1,No
7705,6,Yes
7706,9,Yes
7707,0,Yes
7709,2,Yes
7710,4,Yes
7713,9,Yes
7714,0,Yes
7715,3,No
7716,0,Yes
7717,1,Yes
7718,9,Yes
7719,0,Yes
7720,1,Yes
7721,2,Yes
7722,2,Yes
7723,2,Yes
7725,6,No
7726,0,Yes
7727,0,Yes
7730,9,Yes
7731,1,Yes
7732,0,Yes
7733,3,Yes
7734,0,Yes
7735,4,Yes
7740,6,Yes
7741,1,No
7742,4,No
7743,3,Yes
7744,4,No
7745,4,Yes
7746,11,Yes
7747,0,Yes
7748,1,Yes
7749,5,Yes
7751,6,Yes
7752,3,Yes
7753,1,Yes
7754,0,Yes
7755,3,Yes
7756,0,No
7757,0,No
7758,3,Yes
7760,0,Yes
7761,4,Yes
7763,2,Yes
7765,7,Yes
7766,0,No
7767,4,No
7770,3,Yes
7771,5,No
7773,0,No
7775,2,Yes
7776,3,Yes
7777,2,Yes
7778,8,Yes
7779,1,Yes
7780,6,Yes
7782,1,Yes
7783,4,Yes
7787,1,No
7788,0,No
7789,4,Yes
7790,5,Yes
7791,12,Yes
7792,9,Yes
7793,1,No
7794,13,Yes
7795,3,Yes
7796,2,No
7797,4,No
7799,2,Yes
7800,1,No
7803,5,Yes
7804,5,Yes
7806,0,Yes
7809,4,Yes
7810,2,Yes
7811,4,Yes
7812,0,Yes
7814,7,Yes
7815,1,Yes
7816,4,No
7817,4,No
7819,5,Yes
7820,1,No
7821,3,Yes
7822,0,No
7824,3,Yes
7826,0,No
7828,0,No
7829,0,No
7830,3,No
7831,1,No
7832,4,Yes
7837,3,Yes
7838,0,No
7839,1,No
7840,7,Yes
7841,0,Yes
7842,1,Yes
7844,2,No
7846,7,Yes
7847,0,No
7848,4,Yes
7849,5,No
7850,2,Yes
7851,4,No
7852,7,Yes
7853,7,Yes
7855,3,Yes
7856,2,Yes
7857,6,No
7859,2,Yes
7861,6,Yes
7862,0,No
7863,1,No
7864,1,No
7865,0,No
7866,0,Yes
7867,0,No
7868,6,No
7869,0,Yes
7870,2,Yes
7871,6,No
7874,0,Yes
7875,3,Yes
7876,1,Yes
7878,2,Yes
7879,1,No
7880,1,No
7882,2,Yes
7884,3,Yes
7885,2,Yes
7886,4,Yes
7889,5,Yes
7893,4,Yes
7894,1,No
7895,0,Yes
7896,1,Yes
7898,4,No
7899,5,Yes
7902,6,Yes
7903,2,Yes
7904,1,Yes
7905,1,Yes
7906,0,Yes
7907,4,Yes
7910,1,No
7913,3,No
7916,0,Yes
7917,0,Yes
7918,4,No
7919,3,No
7920,5,Yes
7921,6,Yes
7922,0,No
7923,6,No
7924,1,Yes
7925,0,Yes
7928,2,Yes
7929,0,No
7930,0,No
7931,4,Yes
7932,5,Yes
7934,6,Yes
7936,5,Yes
7937,4,No
7938,0,No
7939,7,Yes
7940,0,No
7942,0,No
7943,1,Yes
7944,2,Yes
7945,2,Yes
7946,1,Yes
7947,0,Yes
7949,3,Yes
7950,6,Yes
7951,2,No
7953,3,Yes
7954,1,Yes
7955,0,Yes
7956,6,Yes
7958,2,Yes
7959,1,Yes
7960,1,No
7961,3,Yes
7962,0,Yes
7964,0,No
7966,0,No
7967,0,Yes
7968,1,Yes
7970,1,No
7972,1,Yes
7975,5,Yes
7976,0,No
7977,2,No
7979,2,Yes
7981,2,No
7982,0,No
7983,0,No
7984,1,No
7985,3,Yes
7986,0,Yes
7987,0,Yes
7990,2,No
7991,0,Yes
7993,1,No
7994,0,Yes
7995,3,No
7996,0,No
7997,1,No
7998,2,No
7999,1,No
8000,1,Yes
8001,3,Yes
8003,0,Yes
8004,0,No
8006,4,Yes
8007,3,No
8008,1,Yes
8009,2,No
8010,1,Yes
8011,5,Yes
8013,4,Yes
8014,0,Yes
8015,3,Yes
8016,0,No
8017,4,Yes
8018,1,Yes
8019,0,No
8020,0,No
8021,4,Yes
8023,0,Yes
8024,7,Yes
8025,4,Yes
8026,0,No
8027,1,No
8031,3,Yes
8033,1,Yes
8034,4,Yes
8035,2,Yes
8036,3,No
8037,3,Yes
8038,2,Yes
8040,1,No
8041,2,Yes
8042,6,Yes
8043,4,No
8044,4,Yes
8046,4,Yes
8047,0,No
8049,4,No
8050,0,Yes
8051,13,Yes
8053,0,No
8054,0,No
8057,3,No
8058,0,No
8059,4,Yes
8060,12,Yes
8063,5,Yes
8064,1,Yes
8066,3,Yes
8067,4,No
8068,3,Yes
8069,2,Yes
8070,0,Yes
8072,4,Yes
8074,4,No
8077,9,Yes
8078,1,Yes
8080,2,Yes
8081,4,Yes
8082,1,Yes
8085,1,Yes
8087,2,No
8088,3,Yes
8090,2,No
8091,2,No
8093,2,Yes
8094,3,Yes
8095,1,Yes
8097,2,No
8102,3,Yes
8103,1,Yes
8104,3,Yes
8105,4,Yes
8106,7,Yes
8107,5,Yes
8108,0,No
8109,5,Yes
8110,7,Yes
8112,4,Yes
8114,8,No
8115,2,No
8116,2,No
8119,7,Yes
8120,5,Yes
8121,3,Yes
8123,0,Yes
8124,0,No
8125,0,No
8126,0,Yes
8127,1,No
8128,6,Yes
8129,0,No
8130,3,No
8131,2,Yes
8132,2,Yes
8134,0,Yes
8135,7,Yes
8136,1,Yes
8137,3,No
8139,1,No
8142,1,No
8144,1,No
8145,4,Yes
8146,4,Yes
8147,6,No
8149,4,Yes
8150,0,No
8151,5,Yes
8152,1,No
8154,12,Yes
8155,10,Yes
8156,0,Yes
8158,1,Yes
8162,0,Yes
8164,2,No
8166,0,No
8167,1,Yes
8168,1,Yes
8169,4,Yes
8170,1,Yes
8172,3,No
8173,1,Yes
8174,1,Yes
8176,0,No
8177,2,No
8178,3,Yes
8179,0,No
8180,1,Yes
8181,3,Yes
8182,1,No
8183,1,No
8185,0,Yes
8186,1,No
8187,3,Yes
8193,0,Yes
8195,2,Yes
8196,0,Yes
8197,1,No
8198,1,Yes
8199,2,No
8200,1,No
8201,0,Yes
8202,1,No
8203,2,Yes
8204,1,Yes
8205,0,No
8206,0,No
8208,3,Yes
8209,1,Yes
8210,1,No
8212,3,Yes
8213,0,Yes
8214,3,Yes
8215,1,Yes
8216,0,No
8217,5,Yes
8218,5,Yes
8219,5,Yes
8220,3,Yes
8221,7,Yes
8223,8,Yes
8226,4,Yes
8227,0,No
8229,0,No
8231,0,No
8233,5,Yes
8234,3,No
8236,0,No
8237,7,No
8238,3,Yes
8239,0,Yes
8240,0,Yes
8241,1,No
8242,0,No
8243,0,Yes
8247,1,Yes
8250,0,Yes
8252,2,Yes
8254,5,No
8255,10,Yes
8256,1,No
8258,2,Yes
8259,3,Yes
8260,1,Yes
8261,6,Yes
8262,0,No
8263,1,Yes
8264,6,Yes
8266,3,Yes
8267,0,Yes
8269,0,Yes
8271,0,Yes
8273,4,Yes
8274,1,Yes
8275,7,Yes
8276,2,No
8277,1,Yes
8279,3,Yes
8281,3,Yes
8282,7,Yes
8283,5,Yes
8284,1,Yes
8286,0,Yes
8287,0,No
8292,0,No
8294,0,No
8296,4,Yes
8297,1,Yes
8298,2,Yes
8299,2,Yes
8300,1,Yes
8301,7,No
8303,1,Yes
8304,0,Yes
8305,1,No
8308,0,Yes
8309,7,Yes
8310,3,Yes
8311,5,Yes
8314,1,No
8315,4,Yes
8316,1,Yes
8317,6,Yes
8318,3,Yes
8319,3,No
8320,1,Yes
8321,0,Yes
8322,6,Yes
8323,2,Yes
8325,1,No
8326,4,No
8327,0,No
8328,6,No
8330,4,Yes
8331,9,Yes
8332,5,Yes
8333,0,Yes
8334,1,Yes
8336,3,No
8338,1,Yes
8339,6,Yes
8341,8,Yes
8342,3,Yes
8347,4,Yes
8349,4,Yes
8350,0,No
8351,0,Yes
8353,6,Yes
8354,3,Yes
8355,3,Yes
8356,1,No
8357,0,No
8359,1,No
8361,1,No
8362,0,Yes
8363,1,Yes
8364,1,No
8367,1,No
8370,3,No
8372,8,Yes
8374,0,No
8375,0,No
8376,1,Yes
8378,0,Yes
8379,2,Yes
8380,0,Yes
8382,2,Yes
8383,2,Yes
8384,1,Yes
8385,4,Yes
8386,3,No
8387,3,Yes
8388,5,Yes
8390,0,No
8391,2,No
8392,3,Yes
8393,0,No
8394,1,Yes
8395,3,Yes
8398,0,Yes
8399,8,No
8401,0,No
8402,3,Yes
8403,1,Yes
8404,8,Yes
8405,0,Yes
8406,0,Yes
8407,0,Yes
8408,4,No
8409,0,No
8410,0,Yes
8411,0,Yes
8412,0,No
8415,0,Yes
8416,1,No
8417,2,Yes
8419,1,Yes
8420,1,No
8421,1,Yes
8422,0,Yes
8423,6,Yes
8424,2,No
8426,3,Yes
8427,1,No
8430,5,Yes
8432,3,Yes
8433,2,Yes
8435,8,Yes
8437,0,No
8438,0,Yes
8439,2,No
8440,0,Yes
8441,4,No
8442,2,Yes
8443,3,No
8446,4,Yes
8447,0,No
8450,1,No
8451,5,Yes
8452,3,Yes
8456,0,No
8457,2,Yes
8458,7,Yes
8459,2,Yes
8460,5,Yes
8461,3,Yes
8462,0,Yes
8463,1,Yes
8464,0,Yes
8466,0,Yes
8468,0,Yes
8469,10,Yes
8470,1,Yes
8472,0,No
8473,1,Yes
8474,0,No
8475,2,Yes
8477,0,No
8478,1,Yes
8479,1,Yes
8481,2,Yes
8483,0,No
8485,5,Yes
8488,3,Yes
8489,3,No
8490,1,No
8491,3,Yes
8492,3,Yes
8493,3,No
8494,7,Yes
8495,3,No
8496,4,No
8497,1,Yes
8499,12,Yes
8500,1,Yes
8501,17,Yes
8502,3,Yes
8504,1,Yes
8506,1,Yes
8509,1,Yes
8510,0,Yes
8511,0,No
8512,1,Yes
8514,1,Yes
8515,3,Yes
8516,1,Yes
8517,1,Yes
8519,0,No
8521,1,No
8522,1,Yes
8523,1,Yes
8524,1,No
8528,1,Yes
8529,2,No
8530,4,No
8531,6,Yes
8532,6,No
8533,3,No
8534,1,No
8535,4,Yes
8536,1,Yes
8538,1,Yes
8539,6,Yes
8541,1,No
8542,0,Yes
8543,5,Yes
8544,1,Yes
8545,2,Yes
8546,1,No
8547,4,Yes
8548,5,No
8549,1,No
8550,1,Yes
8551,2,No
8552,1,No
8555,6,No
8556,5,No
8557,3,Yes
8558,7,Yes
8559,0,No
8560,2,No
8565,5,Yes
8566,0,No
8567,1,Yes
8568,3,Yes
8569,0,No
8571,1,No
8572,1,No
8573,3,No
8578,1,No
8580,3,No
8584,0,No
8585,5,Yes
8586,0,Yes
8587,2,Yes
8588,1,No
8590,5,No
8591,3,No
8592,2,No
8593,5,Yes
8594,4,Yes
8595,1,Yes
8596,10,Yes
8598,3,No
8599,0,Yes
8600,0,Yes
8602,3,Yes
8603,1,No
8606,4,Yes
8608,3,No
8609,3,Yes
8610,3,No
8611,2,Yes
8614,1,No
8615,1,Yes
8616,1,Yes
8617,1,Yes
8620,0,No
8621,1,No
8622,2,Yes
8623,1,No
8624,1,Yes
8625,2,No
8626,3,Yes
8627,0,No
8629,0,Yes
8631,1,Yes
8634,0,No
8636,2,Yes
8637,6,Yes
8638,1,No
8639,0,Yes
8643,1,Yes
8644,0,No
8646,2,Yes
8648,0,No
8649,5,Yes
8650,0,No
8652,0,Yes
8653,2,Yes
8654,1,Yes
8655,1,No
8656,0,Yes
8657,2,Yes
8658,8,No
8659,1,Yes
8665,2,No
8668,1,No
8669,2,Yes
8670,2,No
8672,5,Yes
8675,3,No
8676,2,Yes
8677,8,Yes
8678,6,Yes
8679,8,Yes
8682,2,Yes
8683,4,Yes
8684,2,Yes
8685,4,Yes
8686,8,No
8687,0,Yes
8690,1,Yes
8692,1,Yes
8693,9,Yes
8695,3,Yes
8697,0,Yes
8698,6,Yes
8701,0,Yes
8707,1,No
8709,5,Yes
8710,2,No
8711,2,Yes
8713,0,Yes
8714,0,Yes
8717,5,No
8718,0,No
8719,4,Yes
8720,3,No
8721,4,Yes
8722,2,Yes
8724,4,Yes
8725,1,No
8726,7,Yes
8727,3,Yes
8728,4,Yes
8729,0,No
8731,3,No
8733,1,No
8734,0,No
8739,0,No
8741,4,Yes
8743,6,Yes
8746,7,Yes
8747,0,No
8750,4,Yes
8751,0,Yes
8753,1,No
8757,1,No
8758,1,No
8759,8,Yes
8760,4,Yes
8762,0,No
8764,0,Yes
8765,2,Yes
8766,3,Yes
8767,1,Yes
8768,1,No
8770,0,No
8771,0,No
8773,1,Yes
8774,3,Yes
8775,1,Yes
8776,1,Yes
8777,0,No
8780,1,No
8781,0,No
8783,1,Yes
8784,0,No
8785,0,Yes
8787,3,Yes
8788,5,No
8789,0,Yes
8790,11,Yes
8791,5,Yes
8792,3,Yes
8793,3,No
8795,3,Yes
8797,3,Yes
8799,1,Yes
8801,7,No
8803,5,Yes
8804,5,Yes
8805,0,No
8806,0,Yes
8807,1,Yes
8809,0,Yes
8810,5,Yes
8811,0,Yes
8812,7,Yes
8813,5,No
8814,0,No
8817,3,Yes
8818,1,No
8821,0,Yes
8822,5,Yes
8824,0,No
8825,2,No
8826,3,No
8827,0,Yes
8828,2,Yes
8829,0,No
8830,5,Yes
8831,3,No
8832,0,No
8835,3,No
8839,0,No
8840,0,No
8841,1,No
8842,1,No
8843,1,No
8844,0,No
8846,0,No
8847,3,Yes
8849,0,No
8850,1,Yes
8851,1,No
8853,6,Yes
8854,4,Yes
8855,2,No
8856,3,Yes
8857,9,Yes
8858,1,Yes
8859,4,Yes
8860,0,No
8861,1,No
8863,3,No
8864,5,No
8865,1,No
8866,3,No
8867,2,Yes
8869,3,No
8870,1,No
8872,3,Yes
8873,3,Yes
8876,3,Yes
8877,1,No
8878,1,No
8881,1,No
8882,0,No
8883,1,Yes
8884,2,Yes
8885,1,No
8886,7,Yes
8887,1,No
8888,6,No
8889,6,Yes
8890,0,Yes
8893,1,Yes
8894,12,Yes
8896,2,No
8898,6,Yes
8899,1,Yes
8900,0,No
8901,0,No
8902,3,Yes
8903,3,Yes
8904,2,No
8906,3,Yes
8907,1,No
8909,3,Yes
8910,3,Yes
8913,4,No
8914,0,Yes
8915,1,No
8916,3,Yes
8917,1,Yes
8918,1,Yes
8919,1,Yes
8923,1,No
8924,1,No
8926,0,Yes
8927,7,No
8928,3,Yes
8929,3,No
8930,6,Yes
8931,7,Yes
8932,1,Yes
8933,1,No
8934,1,No
8935,1,No
8936,1,No
8937,1,No
8938,4,Yes
8939,1,Yes
8940,0,Yes
8941,5,Yes
8942,4,Yes
8943,0,No
8944,0,No
8945,0,No
8946,0,Yes
8947,1,No
8949,2,Yes
8951,2,Yes
8952,1,Yes
8953,3,Yes
8955,0,No
8956,3,Yes
8957,0,Yes
8959,0,No
8960,6,Yes
8961,0,No
8962,3,No
8964,1,No
8965,0,Yes
8966,0,No
8967,0,Yes
8968,2,Yes
8969,10,Yes
8970,1,Yes
8971,5,Yes
8972,7,No
8974,4,No
8976,5,Yes
8977,0,No
8978,3,Yes
8979,4,Yes
8981,2,Yes
8982,8,Yes
8983,1,No
