,prediction,kids
0,20,0
2,50,0
3,20,1
5,10,0
7,10,0
10,0,1
14,15,0
16,50,0
22,45,0
24,50,1
27,50,0
28,50,0
32,50,0
33,0,0
35,50,2
36,0,0
37,0,0
39,0,0
40,0,0
42,0,0
44,100,1
46,50,0
47,30,1
48,50,1
49,0,0
52,0,0
53,0,1
54,0,0
55,20,0
58,50,0
60,55,1
62,1,0
68,20,0
71,25,0
76,0,0
77,50,0
80,10,0
83,15,0
85,0,0
90,0,0
93,25,0
99,80,1
100,0,1
101,0,0
102,0,0
103,0,0
106,0,0
108,20,0
109,0,0
110,25,0
111,0,0
113,25,0
114,60,0
126,0,0
127,0,0
128,10,0
129,10,0
135,10,0
136,0,2
138,0,0
141,25,1
146,75,0
147,0,1
148,0,0
150,25,0
152,0,2
156,10,0
159,50,0
161,0,1
163,20,1
165,20,0
168,0,0
169,0,0
170,0,0
174,0,0
176,0,0
180,10,0
181,0,0
182,0,0
185,15,0
188,0,0
191,70,3
192,100,1
193,0,1
197,50,0
200,50,0
202,60,0
203,25,0
204,25,0
206,5,0
207,0,0
210,50,0
212,5,0
213,20,0
215,0,2
216,50,0
220,10,0
223,20,0
225,0,1
226,0,0
228,5,0
233,90,1
234,0,0
235,0,0
237,0,0
239,20,0
240,0,0
242,0,0
244,0,0
247,97,0
251,20,0
252,0,0
254,0,0
265,10,0
266,0,0
268,0,0
269,40,1
270,50,2
271,75,1
272,25,0
275,50,1
283,100,1
285,0,0
287,0,0
288,0,0
289,0,0
290,35,2
291,0,1
292,0,0
294,0,0
295,0,0
297,0,0
299,0,0
300,20,0
302,50,0
304,80,0
305,90,0
306,30,0
308,100,0
311,50,0
312,1,0
314,70,0
316,100,2
319,0,0
321,0,0
325,0,0
326,0,0
330,0,0
332,0,0
333,25,0
334,75,0
337,0,0
338,1,0
350,50,0
351,50,0
352,40,3
353,50,0
354,50,3
355,0,0
358,50,0
361,100,3
362,45,0
363,50,0
364,0,3
365,0,0
367,100,0
370,50,3
372,0,0
373,50,0
376,55,0
381,10,0
386,0,2
387,50,2
388,0,0
389,50,1
399,30,0
401,5,0
402,99,1
405,50,0
406,80,2
408,100,0
410,75,2
414,50,0
415,25,0
416,10,0
422,0,0
423,0,0
424,50,0
425,0,0
427,2,1
430,0,0
432,15,0
436,100,2
438,35,0
441,70,0
443,25,0
446,0,0
447,0,0
448,0,0
449,0,1
458,0,0
459,50,1
460,0,1
461,15,1
463,75,1
464,0,1
466,0,1
467,70,0
468,5,2
469,10,2
471,0,0
472,10,2
473,30,0
476,20,1
477,0,1
478,15,0
479,50,0
483,10,0
485,50,0
487,50,0
488,20,0
491,0,0
493,0,0
496,20,0
497,50,0
503,10,0
506,50,0
508,33,0
511,75,2
514,5,0
517,90,0
518,0,2
522,100,2
527,10,0
528,10,0
529,0,0
532,50,0
533,50,0
534,0,0
537,45,0
539,50,1
540,75,0
541,10,0
547,0,0
555,50,2
556,90,1
558,0,0
559,50,3
561,0,0
565,0,0
569,20,0
572,0,2
573,0,4
578,50,0
581,0,0
582,0,0
583,10,0
584,0,0
586,85,1
590,50,0
591,0,0
593,0,4
594,93,2
598,15,0
601,0,1
603,80,2
604,20,1
606,10,1
608,0,0
609,90,0
613,0,0
614,50,0
616,0,0
621,100,0
623,100,0
625,50,1
628,94,0
631,30,0
632,25,0
633,0,0
634,20,1
638,70,0
649,0,0
650,80,2
651,50,0
653,0,0
657,0,1
659,5,1
665,0,0
666,0,0
667,0,0
671,50,0
673,0,1
674,50,0
675,75,1
676,0,0
678,0,3
680,40,0
681,0,1
683,85,2
685,0,2
688,50,1
699,30,3
702,30,1
703,100,0
704,0,1
706,0,0
708,25,0
709,50,0
712,25,3
724,0,0
726,0,0
727,0,2
729,50,0
731,0,0
734,10,0
738,50,0
739,2,0
740,15,0
741,50,0
747,50,1
748,0,0
750,0,2
754,0,0
755,0,0
756,65,0
759,0,0
761,25,0
766,80,0
768,0,2
769,50,0
770,40,0
772,50,0
776,15,0
780,3,0
789,5,0
793,0,1
794,50,0
795,10,0
799,20,0
800,10,0
805,60,1
807,50,0
809,75,0
810,100,0
811,70,3
812,10,0
814,40,2
816,95,1
819,50,0
820,0,3
822,5,0
823,0,0
826,0,0
830,0,0
831,20,0
833,0,1
836,0,1
837,70,0
838,0,0
839,0,0
842,0,0
844,20,0
846,50,2
847,0,0
848,25,0
849,10,1
851,0,0
853,25,0
855,0,0
856,25,0
860,0,2
861,66,1
862,50,2
866,75,0
867,30,0
869,50,1
871,0,0
873,50,0
874,50,1
876,0,0
877,0,0
878,75,0
879,50,0
881,60,0
885,13,0
886,80,0
895,0,0
897,50,1
899,0,0
900,40,0
902,50,0
903,50,1
904,50,0
905,80,1
906,30,2
911,35,0
913,0,0
914,5,0
917,0,0
920,50,0
921,3,0
922,10,0
923,0,0
926,15,0
928,90,1
929,20,0
930,0,0
931,60,0
932,10,0
937,50,0
942,0,0
943,60,0
945,75,0
946,50,0
947,0,0
948,0,0
949,20,0
950,0,0
952,0,0
953,0,0
959,15,0
962,1,0
964,0,0
965,50,0
969,5,0
977,2,0
981,5,0
982,50,0
984,75,1
986,50,0
987,3,0
990,15,1
991,10,1
993,0,0
994,0,0
1001,0,2
1006,25,0
1008,10,0
1015,0,0
1019,0,0
1020,50,0
1021,0,0
1022,1,0
1027,0,0
1031,5,3
1037,0,2
1038,64,2
1040,100,0
1041,50,0
1043,10,1
1046,50,0
1052,0,2
1053,50,2
1054,0,3
1055,0,2
1058,0,0
1059,50,0
1064,40,0
1065,5,2
1068,0,1
1071,30,0
1073,0,1
1074,50,0
1075,0,0
1078,3,0
1080,5,0
1081,50,0
1082,20,0
1085,50,0
1086,40,0
1090,20,0
1094,0,0
1096,0,1
1097,0,2
1098,50,0
1099,50,2
1100,50,1
1101,50,0
1102,20,0
1105,0,1
1107,0,0
1112,50,1
1114,10,0
1116,0,0
1117,3,0
1118,5,0
1119,10,0
1121,0,0
1126,25,0
1131,25,0
1132,25,0
1136,10,0
1141,0,2
1142,20,1
1143,0,1
1144,0,0
1146,10,0
1147,0,0
1149,0,0
1150,90,0
1151,0,0
1152,20,0
1154,50,0
1158,30,0
1163,20,0
1164,10,0
1167,0,0
1171,0,0
1173,10,0
1175,0,0
1179,0,0
1185,0,0
1186,0,0
1188,20,1
1192,10,0
1198,0,0
1201,0,3
1203,0,2
1204,0,0
1207,50,0
1210,50,2
1218,100,0
1223,20,0
1225,0,0
1227,10,0
1236,25,0
1239,10,0
1241,30,0
1244,0,0
1246,50,0
1247,70,0
1251,40,0
1252,5,0
1255,0,0
1256,0,0
1263,75,0
1264,0,1
1266,25,0
1267,65,0
1269,20,0
1272,50,0
1273,0,2
1274,75,0
1280,5,0
1283,5,0
1288,30,0
1290,0,0
1293,0,0
1294,5,0
1304,40,0
1305,5,0
1306,0,0
1307,10,0
1309,50,0
1310,80,0
1311,0,0
1312,50,0
1313,20,0
1314,0,0
1315,60,0
1317,25,0
1320,30,0
1323,0,0
1326,5,2
1327,50,2
1328,20,0
1329,10,0
1335,40,0
1336,0,0
1342,25,2
1343,0,2
1345,0,0
1348,5,1
1353,0,0
1354,1,2
1355,90,2
1356,75,0
1360,0,3
1366,100,1
1367,5,0
1368,0,0
1373,2,0
1377,0,0
1378,75,0
1382,10,3
1383,20,0
1384,50,3
1385,50,3
1386,0,3
1390,50,2
1391,50,2
1396,0,6
1397,40,1
1408,100,4
1409,5,0
1410,0,0
1411,0,0
1412,50,0
1414,50,1
1417,50,0
1418,15,0
1420,10,0
1421,5,0
1422,0,1
1425,0,3
1426,50,1
1430,50,0
1431,75,0
1434,100,0
1436,0,0
1438,30,0
1440,25,0
1442,0,0
1443,50,0
1446,0,0
1448,10,0
1449,15,0
1451,0,0
1452,1,0
1457,0,0
1460,10,0
1462,25,0
1464,10,0
1465,100,0
1468,1,0
1470,4,1
1473,0,0
1474,0,1
1475,0,0
1477,0,0
1478,90,0
1485,10,0
1487,50,1
1490,5,0
1492,10,0
1493,25,2
1494,20,0
1495,0,0
1496,0,0
1497,0,0
1498,100,0
1499,25,0
1500,50,2
1502,60,0
1504,25,0
1507,40,2
1509,50,3
1510,80,0
1511,0,0
1514,0,0
1515,0,0
1522,75,2
1525,0,0
1529,10,0
1531,0,0
1532,25,0
1535,5,1
1537,0,0
1538,0,0
1539,20,0
1540,0,0
1541,10,0
1542,5,0
1544,0,0
1548,25,0
1549,30,0
1555,0,0
1563,5,0
1564,0,1
1565,75,0
1568,50,0
1571,5,0
1572,10,0
1573,90,2
1579,50,2
1581,0,2
1582,0,0
1584,50,1
1585,50,0
1587,20,0
1589,40,0
1590,25,1
1591,0,4
1592,60,1
1595,0,3
1596,0,0
1597,50,1
1598,20,1
1599,0,0
1601,40,0
1602,10,0
1605,60,0
1607,50,0
1609,0,0
1611,10,0
1619,10,0
1621,15,0
1626,1,0
1627,0,0
1630,25,0
1631,10,0
1636,20,0
1638,10,1
1639,10,0
1641,10,0
1644,0,0
1648,0,0
1655,20,0
1660,0,1
1666,10,0
1667,25,1
1668,75,0
1669,0,0
1670,25,0
1671,0,0
1674,50,0
1676,10,1
1677,0,0
1679,0,0
1681,5,0
1683,20,0
1686,50,2
1687,0,2
1688,0,3
1695,50,0
1700,50,0
1702,25,2
1703,0,2
1706,3,0
1709,50,0
1710,0,0
1714,0,3
1715,20,1
1716,50,1
1720,10,3
1725,90,1
1727,50,1
1730,50,2
1733,75,0
1736,70,0
1742,0,0
1744,50,2
1749,0,0
1766,25,0
1769,30,0
1770,50,0
1771,0,0
1773,50,0
1777,0,0
1778,10,0
1780,50,0
1781,0,0
1782,0,0
1783,30,3
1786,50,1
1795,50,0
1797,0,1
1798,50,2
1801,50,0
1803,20,0
1809,0,0
1811,85,0
1815,20,0
1818,5,0
1819,40,0
1821,30,0
1826,50,1
1830,5,0
1832,0,0
1834,20,0
1836,50,0
1837,50,0
1838,50,0
1841,90,0
1843,60,1
1845,0,0
1847,50,0
1852,50,0
1853,10,0
1855,1,0
1857,10,0
1859,0,0
1861,0,0
1863,5,2
1867,20,1
1871,10,0
1872,5,3
1873,0,0
1874,50,2
1877,30,0
1880,0,0
1881,80,1
1890,50,0
1891,75,0
1894,0,0
1895,0,0
1896,0,0
1897,0,0
1898,50,2
1900,5,0
1905,100,2
1906,3,0
1909,50,0
1910,100,0
1913,0,0
1918,0,0
1920,40,0
1921,100,0
1925,80,0
1929,1,0
1931,0,0
1937,50,0
1938,0,4
1939,10,2
1943,40,0
1944,80,0
1950,100,2
1951,50,0
1953,35,3
1956,50,0
1959,25,1
1961,0,0
1966,0,0
1968,0,1
1969,50,0
1974,0,0
1975,20,2
1977,75,0
1980,0,0
1981,0,0
1983,15,0
1984,100,0
1985,0,1
1986,0,1
1988,0,0
1989,50,1
1992,15,0
1995,20,0
1998,0,2
1999,0,0
2001,15,2
2004,30,1
2005,0,0
2008,100,1
2009,10,1
2012,0,0
2013,20,2
2014,0,0
2017,0,3
2018,5,0
2019,30,0
2020,95,0
2022,2,0
2023,100,0
2024,30,0
2025,20,0
2028,60,0
2030,0,0
2035,50,2
2036,50,1
2037,5,0
2041,20,0
2052,0,0
2053,20,0
2056,50,0
2058,55,0
2060,0,0
2063,20,0
2064,20,0
2066,5,0
2072,40,0
2074,3,0
2075,50,0
2076,50,0
2077,50,0
2080,10,0
2081,0,0
2082,0,0
2087,1,0
2088,25,0
2091,25,0
2094,0,3
2095,0,0
2098,70,0
2099,50,1
2100,0,2
2101,0,0
2102,100,2
2103,0,1
2104,45,0
2106,50,1
2109,0,0
2112,0,3
2114,10,0
2121,52,0
2122,50,0
2123,90,2
2124,80,0
2129,3,0
2130,2,0
2132,15,0
2139,30,0
2140,0,0
2143,10,0
2149,1,0
2150,60,2
2153,50,1
2154,3,3
2157,0,0
2160,0,0
2166,10,0
2167,0,0
2168,30,0
2171,75,1
2173,25,0
2174,10,0
2176,10,0
2177,70,0
2181,100,0
2188,65,0
2189,20,0
2191,15,0
2192,25,0
2195,45,0
2198,0,0
2200,25,0
2201,40,0
2214,0,2
2216,100,0
2220,30,0
2228,25,0
2229,0,2
2233,50,0
2236,50,0
2237,100,0
2241,50,0
2242,0,0
2244,50,0
2245,0,0
2259,100,1
2261,0,1
2266,0,0
2267,0,0
2273,100,1
2276,25,0
2279,100,0
2280,25,2
2282,0,1
2289,10,0
2294,25,0
2295,25,0
2300,0,0
2303,10,0
2307,90,0
2313,50,1
2314,0,0
2316,0,4
2317,0,0
2318,0,2
2319,30,2
2320,0,1
2328,0,0
2332,0,0
2333,100,1
2335,100,1
2336,10,0
2339,0,1
2340,0,0
2341,50,0
2343,0,0
2344,0,0
2347,0,0
2349,50,1
2350,50,0
2352,5,0
2355,20,1
2360,50,0
2362,0,0
2364,70,0
2374,30,0
2376,0,0
2382,25,0
2386,80,2
2387,50,1
2388,65,0
2392,20,0
2395,15,0
2396,20,0
2397,50,0
2399,90,0
2401,50,0
2402,0,0
2408,7,0
2412,20,0
2416,0,0
2420,0,0
2426,50,1
2428,50,0
2429,5,1
2431,0,0
2433,0,0
2434,0,2
2436,15,0
2439,15,0
2440,0,0
2441,50,3
2442,0,1
2444,75,0
2446,50,0
2448,0,2
2450,0,2
2452,0,2
2453,0,3
2458,100,2
2460,5,0
2461,13,0
2468,0,0
2469,50,1
2470,10,2
2471,30,0
2472,0,0
2478,2,0
2482,85,0
2484,100,2
2485,12,0
2487,0,1
2489,0,0
2490,10,0
2491,2,0
2497,15,0
2500,20,0
2501,20,0
2505,100,2
2506,10,0
2508,50,1
2514,50,1
2517,35,0
2524,25,0
2525,50,0
2527,30,2
2534,25,1
2535,0,0
2539,50,0
2540,20,1
2543,75,0
2545,0,0
2546,30,0
2547,50,0
2549,90,1
2550,50,0
2551,50,0
2552,100,1
2553,5,0
2555,30,2
2557,0,0
2561,5,0
2563,75,0
2566,70,0
2567,10,0
2568,50,0
2573,70,0
2575,15,0
2576,20,0
2578,10,0
2582,50,1
2583,20,0
2584,50,0
2586,50,3
2588,30,0
2595,0,0
2596,50,1
2597,50,1
2606,0,0
2608,90,2
2613,0,0
2615,50,1
2617,30,0
2621,50,1
2622,5,0
2628,25,1
2630,3,0
2631,0,0
2632,15,0
2634,30,0
2635,30,0
2636,5,0
2638,25,2
2641,0,2
2644,0,0
2647,50,2
2648,20,0
2649,85,1
2650,50,4
2651,10,2
2653,0,0
2657,50,0
2658,10,0
2661,0,0
2663,80,1
2664,10,0
2666,15,0
2668,10,1
2669,5,0
2673,50,1
2674,30,0
2675,33,0
2678,100,0
2680,50,0
2681,0,0
2685,50,1
2692,5,0
2693,0,0
2699,45,0
2701,0,1
2702,50,2
2703,40,0
2706,99,3
2711,0,3
2712,0,2
2714,10,0
2716,100,0
2717,0,0
2718,50,2
2720,5,0
2723,0,1
2728,0,0
2733,90,0
2734,50,1
2738,0,1
2739,10,3
2740,50,0
2742,25,0
2743,0,2
2744,50,0
2745,0,0
2748,20,0
2751,10,0
2754,85,3
2757,0,0
2758,10,0
2761,10,0
2762,0,0
2763,50,0
2764,10,0
2771,25,0
2774,50,0
2775,100,0
2776,20,0
2778,50,0
2779,50,0
2781,2,2
2786,0,0
2787,50,1
2790,50,0
2791,50,0
2795,15,0
2796,50,0
2797,50,0
2798,0,0
2799,70,1
2800,10,0
2803,0,3
2805,0,1
2806,20,1
2809,0,0
2810,0,0
2811,50,0
2812,40,0
2814,0,0
2815,0,2
2818,78,2
2820,0,2
2821,100,1
2822,50,0
2828,0,0
2832,0,0
2833,100,1
2834,10,1
2835,20,0
2836,100,0
2838,10,0
2841,0,1
2842,5,0
2843,30,3
2847,0,0
2849,80,2
2850,0,1
2853,0,2
2855,100,2
2858,0,0
2859,20,1
2863,10,0
2864,30,0
2871,10,0
2879,0,0
2881,50,0
2883,80,2
2886,50,0
2888,10,0
2896,50,0
2899,0,0
2903,50,3
2906,5,0
2907,0,0
2908,20,0
2916,50,0
2918,50,2
2921,50,1
2922,50,0
2923,50,0
2926,70,0
2927,50,1
2928,50,2
2929,50,3
2930,10,0
2931,1,0
2934,70,0
2936,0,0
2937,0,0
2938,0,0
2940,0,0
2942,50,0
2946,0,0
2947,1,0
2952,15,0
2955,80,1
2956,30,0
2964,50,2
2976,10,0
2979,2,0
2980,30,0
2981,15,0
2983,2,0
2991,40,0
2992,20,0
2996,0,1
2999,0,0
3000,5,0
3001,0,0
3003,40,0
3004,0,0
3006,25,0
3007,50,0
3008,10,2
3011,0,0
3012,4,0
3015,80,0
3016,50,0
3017,10,0
3019,2,1
3020,25,0
3022,0,1
3025,50,0
3031,0,1
3033,50,2
3034,0,1
3035,0,0
3039,15,0
3040,100,0
3041,0,0
3043,2,0
3044,50,0
3045,25,0
3046,5,0
3048,50,0
3056,30,0
3060,0,0
3061,85,0
3065,50,0
3067,1,0
3072,50,0
3073,40,0
3077,0,0
3079,20,0
3080,25,0
3081,0,0
3087,30,0
3090,50,1
3093,50,0
3099,50,0
3106,0,0
3117,1,0
3119,20,1
3120,0,2
3123,75,2
3126,50,0
3133,30,0
3137,0,0
3141,20,0
3144,80,0
3146,20,0
3148,0,0
3152,25,0
3155,25,0
3157,25,0
3158,50,1
3159,50,0
3161,0,0
3162,60,2
3163,0,0
3168,25,0
3170,10,0
3171,100,1
3172,0,0
3173,55,0
3175,0,0
3176,0,0
3179,50,0
3181,50,0
3182,40,0
3185,0,0
3188,90,0
3189,1,0
3192,0,3
3193,0,0
3196,0,4
3197,50,3
3199,0,1
3203,50,0
3204,0,1
3206,25,1
3207,50,0
3214,10,1
3216,50,2
3218,0,0
3220,50,1
3222,0,0
3223,100,1
3225,50,0
3226,25,1
3228,0,0
3229,20,0
3230,5,0
3231,5,0
3232,0,0
3233,100,0
3235,20,0
3236,50,2
3241,50,1
3242,70,2
3243,10,1
3244,15,0
3245,0,0
3247,50,0
3248,0,0
3254,50,0
3260,75,1
3261,50,2
3265,1,0
3269,50,0
3270,20,0
3271,0,0
3272,20,0
3275,0,0
3277,0,0
3281,0,0
3288,25,1
3289,50,1
3290,50,0
3291,10,0
3295,0,0
3296,98,0
3299,100,0
3300,5,0
3301,50,0
3305,100,1
3306,0,0
3309,0,1
3310,95,0
3311,0,0
3312,25,1
3313,0,0
3317,0,0
3319,100,1
3322,30,0
3324,0,0
3327,50,1
3330,0,0
3332,10,0
3338,35,0
3339,50,0
3341,50,1
3342,20,0
3346,50,0
3351,20,1
3353,50,0
3354,100,1
3356,0,0
3357,0,0
3358,0,0
3361,0,0
3368,0,0
3370,0,0
3373,0,0
3374,0,0
3376,50,0
3384,1,0
3391,0,0
3394,50,3
3395,50,0
3397,50,2
3398,0,0
3400,0,0
3402,20,0
3403,80,0
3405,50,2
3406,0,0
3407,0,0
3408,50,0
3409,0,0
3412,10,1
3414,30,0
3419,100,2
3420,0,1
3421,0,0
3422,50,4
3423,0,0
3424,0,0
3429,0,0
3430,0,1
3433,50,0
3434,0,2
3435,0,0
3436,10,2
3437,70,0
3447,0,0
3454,50,0
3455,0,0
3462,0,0
3467,0,0
3473,50,1
3475,90,0
3476,3,0
3480,25,1
3481,50,0
3482,20,1
3489,0,0
3490,50,0
3493,50,3
3495,0,2
3496,80,2
3498,0,1
3499,50,3
3502,10,1
3504,0,1
3509,30,3
3512,50,3
3513,0,0
3517,50,0
3518,1,0
3522,100,3
3523,0,2
3525,100,0
3526,10,0
3527,0,0
3528,25,0
3532,75,1
3533,50,1
3539,50,0
3541,15,1
3543,50,0
3544,40,0
3546,40,0
3552,0,0
3553,100,2
3566,0,0
3567,25,0
3568,90,0
3569,30,0
3570,25,0
3572,75,1
3574,80,1
3576,0,1
3577,100,0
3579,0,0
3581,0,2
3584,50,2
3585,0,0
3586,0,0
3587,50,0
3588,2,2
3589,0,0
3591,80,1
3592,0,0
3595,20,1
3598,50,0
3599,100,0
3602,5,0
3603,10,0
3604,35,0
3605,0,0
3606,0,0
3608,20,2
3610,20,0
3615,50,0
3618,50,1
3619,10,0
3622,2,1
3624,0,0
3625,25,0
3628,0,0
3629,0,1
3630,0,1
3632,45,0
3635,0,1
3639,100,0
3646,50,1
3652,50,0
3653,50,0
3658,50,0
3661,100,2
3664,80,0
3668,0,0
3669,30,2
3672,20,1
3673,0,0
3679,60,1
3680,0,0
3682,30,0
3685,50,0
3687,5,0
3688,20,1
3694,40,0
3695,0,0
3696,10,0
3700,0,1
3702,10,0
3703,75,3
3706,0,2
3707,0,0
3708,20,3
3712,50,1
3716,100,1
3717,0,0
3719,50,2
3720,50,2
3725,0,0
3726,30,0
3729,100,1
3730,50,0
3731,0,1
3732,50,0
3734,50,0
3735,0,0
3737,70,1
3738,0,1
3741,25,1
3742,50,3
3743,10,1
3744,5,0
3746,0,0
3748,40,0
3751,0,0
3754,0,0
3755,0,0
3756,2,0
3757,0,1
3761,0,0
3764,25,0
3765,40,1
3766,0,0
3768,10,1
3769,0,1
3772,40,0
3774,0,0
3776,50,0
3779,40,0
3781,50,0
3789,50,0
3793,0,1
3796,20,1
3797,0,0
3800,50,0
3802,0,2
3805,50,1
3809,20,2
3810,0,0
3811,0,0
3812,0,0
3813,0,0
3814,0,2
3815,0,0
3818,50,2
3820,100,2
3822,0,1
3823,50,1
3827,0,0
3828,25,0
3833,10,0
3837,5,0
3843,25,0
3845,100,0
3846,0,0
3851,80,1
3852,0,0
3854,50,1
3855,50,1
3856,0,0
3857,0,0
3858,0,2
3859,50,1
3864,0,0
3865,0,0
3869,50,1
3873,0,0
3875,70,1
3877,5,0
3880,0,2
3881,60,0
3884,15,0
3887,0,0
3889,80,0
3890,50,1
3891,0,0
3895,90,1
3896,15,0
3897,0,2
3899,70,1
3901,50,0
3902,0,1
3903,50,1
3906,10,0
3909,50,1
3910,0,2
3912,50,0
3915,30,1
3916,0,3
3917,0,3
3918,0,2
3922,50,0
3923,50,0
3924,50,2
3925,0,0
3927,10,0
3929,0,0
3930,97,2
3933,60,0
3935,50,1
3942,50,1
3944,0,1
3945,0,2
3953,50,0
3954,0,0
3955,0,0
3956,10,0
3958,0,0
3960,10,0
3961,0,1
3962,0,2
3963,10,0
3965,50,0
3966,25,0
3969,100,1
3972,50,0
3973,20,1
3974,75,1
3975,0,0
3979,0,0
3980,50,2
3982,100,1
3989,0,0
3990,60,0
4000,55,2
4002,75,0
4005,50,1
4007,20,0
4008,40,0
4009,10,0
4010,50,0
4012,5,0
4013,50,0
4014,60,0
4016,30,0
4017,50,0
4018,25,0
4022,50,0
4024,50,1
4025,15,2
4026,0,0
4029,0,0
4030,0,1
4032,50,1
4036,25,1
4037,0,0
4039,50,0
4042,0,1
4043,0,0
4045,2,1
4048,15,0
4050,50,0
4051,50,1
4052,0,0
4057,20,0
4059,0,1
4061,0,0
4064,0,2
4065,75,0
4066,0,0
4068,90,2
4071,3,0
4072,0,0
4073,15,0
4079,5,2
4080,0,0
4081,0,2
4082,0,0
4083,100,3
4084,50,0
4088,50,0
4089,2,0
4092,5,0
4093,10,0
4094,25,0
4095,25,1
4101,0,1
4104,4,0
4105,50,0
4106,0,0
4108,50,0
4112,100,0
4114,75,2
4117,5,0
4120,10,1
4122,1,0
4125,0,0
4126,10,0
4127,20,0
4128,0,0
4130,1,0
4131,40,0
4133,90,0
4135,0,0
4136,20,0
4137,50,0
4138,20,0
4141,25,0
4149,25,0
4153,75,1
4157,0,3
4159,0,0
4160,85,4
4164,50,1
4165,20,0
4167,0,2
4168,0,0
4172,50,2
4173,50,1
4175,0,1
4176,85,1
4181,50,0
4184,50,2
4187,0,0
4190,50,0
4191,25,2
4193,75,2
4196,5,0
4197,0,0
4200,50,0
4202,0,3
4203,0,0
4205,10,0
4206,0,0
4208,50,0
4209,50,0
4210,50,2
4213,25,0
4214,20,0
4217,10,2
4219,0,0
4224,0,2
4225,50,0
4226,0,2
4228,10,0
4231,0,0
4232,50,0
4236,25,1
4238,0,0
4239,50,1
4240,90,0
4243,50,0
4244,40,0
4245,0,3
4247,0,2
4250,75,0
4252,50,4
4254,10,0
4261,0,2
4262,100,0
4263,25,0
4266,100,2
4271,0,0
4272,0,0
4273,0,1
4277,100,1
4280,1,1
4287,40,1
4288,0,1
4291,5,0
4293,0,1
4294,25,0
4298,0,1
4299,5,0
4304,50,0
4305,0,0
4306,0,2
4308,0,3
4309,50,2
4314,50,0
4315,30,0
4320,100,1
4323,0,1
4325,50,0
4326,0,0
4328,15,1
4330,25,0
4333,0,0
4335,0,3
4336,80,1
4338,0,2
4340,45,3
4341,25,1
4343,100,1
4348,50,1
4351,0,0
4355,20,0
4356,55,1
4357,0,0
4358,20,0
4359,25,0
4360,15,0
4361,50,3
4362,0,0
4363,50,0
4365,0,0
4366,0,0
4367,20,0
4370,0,0
4374,0,1
4378,40,0
4381,50,0
4382,0,0
4383,99,0
4384,99,0
4385,75,0
4389,20,0
4390,45,0
4394,50,0
4396,10,0
4398,0,2
4399,0,0
4400,50,0
4402,50,1
4404,0,0
4407,10,0
4408,25,0
4409,0,0
4413,15,0
4417,80,0
4418,20,0
4419,23,1
4420,0,2
4421,0,0
4424,25,0
4428,75,0
4429,25,0
4432,15,0
4433,25,1
4437,0,0
4439,0,0
4442,50,0
4449,0,0
4451,75,3
4452,10,1
4455,0,0
4457,50,1
4459,0,1
4460,30,1
4461,10,0
4466,25,0
4468,57,0
4470,20,0
4477,0,0
4478,0,3
4480,0,0
4483,20,2
4485,100,0
4486,0,2
4489,50,2
4491,50,1
4498,50,1
4500,10,1
4502,0,0
4507,0,0
4511,15,0
4514,25,2
4519,0,0
4521,70,2
4522,20,0
4524,50,0
4526,20,0
4528,5,0
4531,0,0
4537,80,0
4538,90,0
4539,0,0
4541,25,0
4542,0,0
4543,3,0
4545,10,0
4546,0,0
4547,80,0
4548,50,0
4549,60,1
4550,5,0
4552,50,0
4557,0,0
4567,0,0
4568,20,2
4570,50,0
4572,10,1
4573,0,0
4577,78,0
4579,0,0
4582,15,1
4583,65,2
4584,0,0
4586,85,0
4587,35,0
4588,25,2
4590,50,1
4592,50,0
4596,0,0
4597,50,1
4599,10,0
4600,50,0
4601,5,0
4607,50,0
4608,75,0
4609,0,0
4610,25,0
4615,20,0
4617,80,1
4619,0,0
4622,90,2
4623,50,2
4624,0,0
4636,0,0
4637,0,0
4638,0,0
4639,50,0
4640,75,4
4641,100,0
4644,50,1
4645,10,1
4646,1,0
4647,50,1
4651,0,0
4653,0,0
4656,0,1
4659,5,0
4660,0,2
4661,50,0
4662,0,0
4663,0,0
4664,20,3
4665,50,1
4666,0,0
4672,50,1
4673,65,0
4674,50,0
4675,50,0
4676,30,0
4677,0,0
4678,0,0
4683,7,0
4685,100,1
4686,40,0
4689,80,0
4693,10,0
4695,20,0
4696,0,0
4697,0,0
4700,40,0
4703,0,0
4705,40,1
4707,100,1
4708,30,0
4709,0,1
4710,0,1
4711,25,0
4712,50,0
4714,25,0
4715,100,1
4717,0,0
4718,50,0
4719,50,0
4721,0,0
4722,50,0
4727,0,0
4728,10,0
4730,50,0
4731,0,2
4736,100,0
4737,10,0
4742,100,0
4743,0,0
4744,50,0
4745,10,0
4746,0,0
4747,50,0
4749,0,1
4750,10,0
4756,25,0
4757,50,1
4759,5,0
4760,0,0
4761,15,1
4762,50,0
4764,20,1
4766,100,3
4767,100,2
4768,25,2
4772,0,0
4773,50,1
4774,100,1
4775,0,0
4778,10,0
4781,25,0
4784,100,3
4785,50,0
4786,0,0
4790,30,0
4791,0,0
4793,50,0
4795,25,0
4796,0,0
4800,25,0
4804,5,0
4805,50,0
4810,0,0
4811,0,0
4814,0,0
4817,10,0
4818,0,0
4823,50,0
4826,25,0
4827,0,0
4830,0,0
4831,50,0
4832,75,0
4835,60,0
4839,10,0
4841,50,0
4844,10,0
4845,20,0
4846,0,1
4847,0,0
4848,0,0
4849,100,2
4851,30,1
4854,50,0
4856,20,2
4860,20,0
4862,100,1
4864,10,0
4865,50,0
4866,15,0
4867,10,1
4868,25,0
4870,0,0
4871,90,0
4874,10,0
4881,55,0
4883,25,0
4886,5,0
4887,10,0
4889,25,0
4891,50,1
4892,0,0
4893,20,0
4903,50,0
4905,100,2
4911,50,0
4914,70,0
4921,100,0
4923,5,0
4926,0,0
4929,0,0
4932,20,0
4937,30,0
4940,25,0
4943,0,1
4944,0,1
4946,15,0
4947,0,0
4948,20,0
4949,50,4
4950,0,0
4951,20,1
4954,50,1
4955,50,2
4956,50,1
4957,25,2
4961,50,0
4962,40,2
4964,50,0
4967,50,2
4970,50,0
4973,60,0
4976,99,1
4978,5,0
4979,10,0
4981,0,0
4982,10,0
4983,60,0
4984,50,0
4986,50,1
4987,50,2
4989,10,0
4991,50,1
4993,30,1
4995,0,0
4996,0,0
4999,0,0
5003,0,0
5004,5,0
5005,2,0
5006,0,0
5009,2,0
5010,50,0
5012,80,0
5013,50,0
5020,50,1
5023,70,0
5027,50,2
5028,0,0
5031,35,0
5034,50,0
5037,86,1
5039,90,2
5042,10,0
5045,10,0
5048,50,0
5056,20,1
5057,0,0
5060,10,0
5061,20,2
5063,0,0
5073,0,0
5074,50,0
5077,20,2
5079,10,0
5080,0,1
5083,0,0
5084,50,0
5085,0,0
5086,0,0
5087,0,0
5092,0,1
5099,100,0
5101,35,2
5103,50,0
5106,20,1
5113,0,0
5114,0,0
5116,50,0
5117,25,0
5118,30,0
5119,15,0
5125,70,0
5126,30,0
5128,30,0
5129,0,0
5131,0,0
5134,1,0
5137,100,1
5139,0,0
5142,85,1
5146,0,0
5148,20,0
5151,85,0
5155,80,1
5157,50,0
5159,3,1
5161,40,0
5162,40,0
5163,10,0
5165,50,1
5168,2,0
5171,20,0
5172,25,0
5175,100,2
5176,0,0
5178,0,0
5179,1,0
5180,0,0
5181,2,0
5182,10,0
5184,10,0
5186,0,0
5188,50,0
5189,5,0
5190,10,0
5191,10,0
5192,45,0
5193,0,0
5194,50,0
5196,75,0
5198,70,2
5201,80,1
5202,75,3
5203,25,1
5205,5,0
5207,0,0
5211,25,1
5213,50,1
5214,85,2
5216,5,0
5218,25,1
5219,100,1
5222,40,0
5223,100,0
5225,5,0
5227,0,0
5228,50,0
5229,50,1
5233,10,0
5237,25,0
5239,50,0
5242,50,0
5243,50,1
5247,0,0
5249,50,0
5250,20,1
5251,0,1
5253,50,0
5255,0,0
5256,50,0
5258,50,2
5260,50,0
5262,0,2
5266,25,0
5267,75,3
5271,50,0
5275,5,1
5277,100,0
5279,50,2
5280,5,1
5281,10,0
5283,100,3
5284,75,0
5285,20,0
5286,0,0
5288,65,0
5289,100,1
5290,100,2
5293,50,0
5296,75,0
5297,0,0
5301,5,0
5303,50,0
5304,50,2
5305,10,0
5306,0,0
5310,50,3
5312,10,1
5314,0,0
5319,20,0
5320,5,2
5326,0,0
5329,2,0
5330,25,0
5332,60,0
5337,0,0
5344,25,0
5345,80,2
5347,1,0
5351,5,0
5353,2,2
5355,10,0
5358,0,1
5364,25,0
5367,50,2
5368,10,1
5373,25,2
5374,25,0
5375,20,0
5376,50,0
5378,10,0
5380,41,0
5383,50,1
5384,50,0
5385,100,2
5387,25,1
5388,50,1
5389,10,3
5390,50,0
5391,0,0
5396,50,0
5397,20,1
5398,25,0
5399,20,0
5400,100,0
5402,0,0
5404,70,0
5405,100,2
5407,10,0
5408,50,1
5410,20,2
5411,50,0
5416,40,0
5418,50,1
5430,0,0
5432,20,0
5434,80,4
5437,46,2
5438,0,0
5440,50,0
5442,75,0
5443,50,0
5446,50,1
5449,50,3
5451,10,1
5453,100,2
5454,50,0
5455,90,2
5456,60,0
5458,0,0
5459,30,0
5461,0,0
5462,5,0
5463,10,0
5464,10,0
5465,25,0
5466,70,0
5468,0,0
5471,0,0
5475,0,1
5476,15,0
5479,100,1
5481,0,2
5482,0,2
5484,90,0
5487,95,1
5489,5,0
5490,10,1
5491,50,0
5492,25,0
5493,60,0
5494,30,1
5512,30,0
5514,50,0
5516,50,0
5517,100,0
5520,30,1
5521,90,0
5526,10,0
5529,75,0
5530,0,0
5534,50,3
5537,0,1
5544,0,0
5545,0,1
5547,0,0
5548,0,2
5549,0,2
5550,0,0
5552,0,1
5555,10,0
5556,50,1
5557,0,1
5558,75,2
5560,0,0
5561,0,1
5563,25,0
5565,0,0
5568,30,1
5569,30,2
5570,0,1
5572,50,3
5574,50,1
5575,70,1
5579,0,0
5582,0,1
5586,0,2
5588,0,3
5591,50,0
5593,10,0
5595,3,0
5598,30,0
5600,50,2
5601,30,0
5603,50,0
5605,0,0
5606,0,1
5607,0,0
5608,80,1
5609,0,2
5610,50,1
5613,0,0
5617,50,0
5618,0,2
5619,0,1
5622,100,3
5623,10,2
5626,25,0
5629,0,0
5631,10,0
5632,40,0
5633,0,1
5634,10,0
5638,1,4
5640,15,1
5641,80,2
5644,0,0
5646,0,0
5647,50,0
5648,0,2
5649,0,0
5650,0,2
5657,50,0
5659,90,0
5662,0,0
5664,25,0
5666,0,0
5668,0,0
5669,0,0
5670,0,1
5671,0,0
5673,75,3
5675,0,0
5676,0,1
5679,10,1
5680,50,1
5682,50,1
5685,90,1
5687,50,1
5690,50,2
5691,10,0
5692,20,1
5693,90,0
5695,5,0
5697,0,0
5699,0,0
5702,50,1
5703,75,0
5704,0,0
5707,50,0
5710,0,0
5712,5,1
5713,0,0
5717,0,0
5718,0,0
5720,50,3
5723,20,0
5724,0,0
5725,0,0
5726,0,0
5730,10,0
5733,50,0
5737,0,2
5738,35,2
5742,25,0
5746,30,0
5747,40,1
5748,0,1
5749,0,0
5752,5,0
5753,0,0
5755,7,0
5757,25,0
5758,10,0
5760,10,2
5763,0,0
5768,0,0
5772,50,2
5773,50,0
5777,0,0
5781,0,0
5782,90,2
5784,50,0
5785,3,2
5786,25,0
5788,0,1
5792,0,1
5793,0,2
5795,0,1
5796,0,2
5798,50,0
5802,0,2
5803,10,0
5804,0,0
5806,0,0
5808,10,2
5810,10,1
5814,0,2
5816,5,0
5818,0,0
5820,50,0
5823,20,0
5824,0,1
5827,0,0
5828,75,1
5829,100,2
5830,80,2
5835,75,0
5837,50,0
5838,0,0
5839,100,0
5840,100,2
5842,0,0
5843,80,1
5844,0,0
5847,100,0
5848,75,0
5849,50,3
5854,75,0
5855,15,0
5857,25,0
5859,100,0
5861,100,0
5862,50,0
5863,0,0
5864,0,0
5865,50,0
5868,10,0
5869,50,1
5870,85,1
5872,20,2
5873,40,2
5874,100,1
5875,10,2
5876,50,1
5877,50,2
5879,0,0
5881,25,0
5882,0,0
5884,20,1
5885,0,0
5886,50,0
5888,15,0
5889,75,1
5893,50,0
5894,0,0
5895,30,0
5896,90,1
5898,0,0
5899,50,0
5900,50,1
5901,50,0
5903,70,2
5909,50,0
5912,75,0
5913,0,1
5917,0,1
5918,50,1
5921,13,0
5922,50,0
5923,5,0
5926,50,3
5927,80,0
5928,50,0
5929,50,0
5930,15,0
5935,0,0
5939,100,3
5941,0,0
5942,40,0
5944,0,4
5949,10,0
5950,30,0
5952,50,0
5956,25,0
5957,20,0
5958,50,0
5959,30,0
5962,50,0
5963,50,0
5964,0,0
5965,0,0
5969,30,0
5971,0,1
5972,0,0
5975,0,1
5976,25,2
5977,85,1
5978,50,2
5980,5,0
5989,0,0
5990,25,0
5991,50,3
5992,0,0
5994,4,2
5996,90,2
5997,50,1
5998,0,1
6000,0,3
6003,0,0
6010,0,0
6012,75,0
6013,10,0
6015,50,0
6017,12,0
6018,50,1
6019,75,0
6022,0,2
6026,50,1
6027,100,1
6030,0,0
6031,10,0
6034,50,0
6036,10,1
6038,0,2
6039,15,0
6040,0,0
6041,0,2
6046,0,2
6048,30,0
6050,30,0
6054,5,2
6059,10,0
6062,20,0
6063,50,0
6064,40,0
6069,67,0
6070,0,3
6073,100,4
6075,0,2
6076,50,0
6078,20,0
6082,10,0
6088,100,2
6090,0,0
6092,0,0
6093,0,0
6095,50,0
6097,0,1
6100,60,2
6105,0,1
6107,100,4
6109,2,2
6110,50,0
6111,0,0
6115,0,2
6118,25,0
6120,0,1
6121,50,1
6122,90,2
6123,50,1
6124,50,1
6125,20,0
6127,0,2
6129,100,2
6131,0,0
6133,50,0
6135,50,1
6138,25,0
6139,30,0
6140,100,1
6142,1,0
6143,2,1
6144,0,1
6147,13,1
6149,2,1
6150,30,0
6151,100,3
6152,100,2
6153,50,1
6154,0,0
6156,100,0
6158,20,0
6160,25,0
6162,50,0
6163,10,1
6169,0,0
6171,100,1
6172,30,2
6173,50,0
6177,0,0
6180,6,0
6181,5,0
6182,100,4
6184,90,1
6185,10,0
6186,0,1
6191,100,2
6192,0,0
6194,10,0
6195,25,0
6200,0,1
6204,20,0
6209,0,0
6210,50,0
6215,100,2
6216,100,0
6218,0,0
6222,0,0
6224,30,0
6225,10,0
6226,65,0
6227,85,0
6229,70,1
6232,15,0
6236,0,0
6238,0,0
6241,0,0
6242,0,0
6243,50,0
6245,0,0
6248,20,0
6249,100,1
6251,0,0
6252,0,2
6253,30,0
6254,0,0
6258,20,0
6260,0,0
6261,0,0
6262,10,0
6263,20,2
6264,0,2
6267,50,0
6270,4,0
6272,50,1
6273,100,0
6274,0,0
6277,50,0
6278,0,0
6282,50,1
6284,45,0
6287,0,0
6288,0,2
6289,50,1
6291,10,0
6293,5,0
6295,100,0
6296,75,0
6298,75,0
6302,25,0
6306,0,0
6311,30,0
6312,0,0
6313,20,0
6316,25,0
6318,25,0
6319,0,0
6322,0,1
6324,20,0
6328,0,0
6329,0,0
6332,50,1
6336,0,0
6339,0,0
6340,30,1
6341,0,1
6346,50,0
6348,10,1
6349,0,0
6350,100,1
6351,50,0
6353,30,0
6354,50,0
6355,80,0
6356,25,0
6357,20,0
6359,0,1
6360,80,1
6361,75,0
6363,20,0
6367,40,0
6371,50,3
6375,50,0
6376,50,0
6380,10,0
6381,0,0
6382,0,0
6388,30,0
6389,90,0
6394,0,0
6395,85,0
6399,10,0
6400,3,0
6401,80,0
6402,50,0
6403,0,0
6405,50,0
6407,10,0
6408,0,0
6409,30,0
6410,50,0
6412,50,0
6417,15,0
6418,10,0
6425,100,2
6428,100,0
6429,30,0
6432,50,0
6437,50,0
6438,5,0
6439,0,0
6444,50,1
6446,10,2
6448,50,2
6449,50,0
6450,50,1
6454,0,0
6455,50,3
6456,0,0
6458,50,1
6463,5,0
6464,0,0
6465,50,0
6468,0,0
6470,0,1
6471,0,0
6472,100,3
6473,50,0
6474,0,0
6479,0,0
6480,0,0
6481,100,0
6482,35,0
6487,30,0
6490,25,0
6492,25,1
6494,0,1
6495,10,0
6496,50,0
6497,0,0
6499,0,0
6500,0,0
6501,50,0
6502,80,0
6504,50,1
6505,50,0
6509,30,0
6516,41,0
6521,0,0
6522,0,0
6523,90,0
6525,50,0
6527,50,0
6529,2,0
6530,20,0
6531,15,0
6538,26,0
6539,10,0
6541,0,0
6542,100,1
6545,50,0
6547,50,0
6548,50,0
6549,25,0
6554,50,0
6556,50,3
6560,50,0
6561,50,0
6562,50,0
6563,90,0
6565,0,2
6567,50,2
6569,100,2
6570,76,2
6571,0,1
6573,100,0
6575,50,0
6579,0,1
6582,0,0
6584,15,0
6586,20,2
6596,0,0
6597,2,0
6598,0,0
6599,52,0
6605,30,0
6607,50,1
6608,100,1
6609,10,0
6610,50,1
6612,10,1
6613,50,0
6614,0,0
6616,10,0
6617,0,0
6619,0,0
6620,50,1
6626,50,0
6627,0,0
6629,50,0
6630,75,3
6631,0,0
6632,25,1
6633,50,0
6634,10,3
6640,50,2
6644,10,3
6646,0,1
6647,0,1
6651,0,0
6658,0,2
6662,70,1
6667,50,1
6668,50,2
6669,0,0
6671,0,1
6675,0,0
6677,0,0
6679,50,1
6685,20,1
6686,100,1
6692,30,3
6693,100,2
6697,0,0
6700,50,1
6701,0,0
6706,50,1
6709,45,0
6710,10,0
6714,0,3
6716,0,0
6720,2,2
6725,0,0
6727,100,0
6728,75,2
6729,100,3
6730,50,2
6731,0,1
6732,25,1
6733,90,2
6735,0,0
6736,5,0
6739,10,0
6742,50,3
6744,50,2
6745,50,2
6748,5,0
6750,0,0
6753,0,0
6754,60,2
6755,10,1
6756,5,0
6760,40,0
6761,0,0
6764,5,0
6765,0,1
6767,50,0
6770,50,2
6772,50,0
6773,50,0
6774,0,0
6778,78,1
6780,0,2
6782,50,0
6784,65,1
6786,50,0
6787,40,0
6788,20,0
6789,20,0
6790,0,0
6792,0,0
6794,0,2
6796,90,0
6797,85,3
6799,75,0
6800,50,2
6801,0,3
6802,10,1
6804,0,0
6808,2,0
6810,20,0
6811,20,1
6813,50,1
6814,5,0
6821,50,1
6828,70,0
6830,50,0
6831,15,0
6834,50,0
6836,80,0
6843,75,0
6845,50,1
6847,0,0
6853,0,2
6859,50,0
6860,50,2
6861,15,3
6862,0,2
6868,0,0
6869,50,0
6870,0,0
6872,50,3
6874,0,1
6875,0,2
6876,100,1
6877,0,0
6879,40,0
6881,65,0
6882,0,0
6884,10,1
6885,0,1
6892,0,0
6893,50,0
6895,90,3
6896,0,1
6898,100,1
6899,0,2
6900,100,1
6903,20,0
6904,5,1
6909,12,0
6910,0,0
6914,0,1
6915,0,2
6916,0,0
6917,5,0
6923,0,1
6924,15,0
6926,0,0
6928,0,1
6930,0,2
6931,0,0
6932,0,0
6934,50,0
6942,20,0
6943,55,0
6945,0,1
6949,90,0
6950,5,0
6954,0,4
6956,55,1
6958,25,1
6963,6,0
6964,65,0
6965,0,0
6967,0,2
6969,40,1
6974,50,0
6976,0,0
6981,85,0
6982,20,0
6985,1,0
6988,0,0
6989,30,0
6990,40,0
6991,65,0
6992,30,0
6995,50,0
6996,50,2
6999,100,2
7002,0,2
7010,25,0
7012,85,1
7013,50,2
7014,30,0
7015,15,0
7016,5,0
7020,75,0
7026,25,0
7028,100,1
7031,50,0
7032,90,0
7037,0,0
7038,0,0
7042,50,0
7044,50,1
7047,0,0
7048,50,1
7050,0,1
7051,0,1
7057,50,0
7059,70,0
7060,70,0
7061,5,0
7062,90,1
7064,50,0
7066,5,0
7067,50,0
7068,0,0
7069,0,2
7074,50,0
7077,0,0
7083,15,1
7084,0,4
7085,25,3
7089,1,0
7090,0,0
7095,2,0
7096,0,0
7098,60,0
7099,0,1
7100,70,0
7101,0,1
7102,50,0
7103,20,0
7110,20,0
7111,50,1
7114,0,2
7115,100,2
7117,100,3
7118,0,2
7120,30,1
7122,5,0
7123,100,0
7125,75,2
7126,70,1
7129,0,0
7130,100,3
7132,50,0
7136,0,0
7139,0,0
7140,50,0
7142,0,1
7144,0,0
7147,80,1
7150,40,0
7151,50,0
7153,40,2
7154,50,2
7155,50,0
7156,10,0
7158,5,0
7161,0,0
7165,50,0
7166,50,1
7170,80,0
7172,30,0
7176,50,0
7177,20,1
7178,50,0
7182,80,1
7186,20,0
7189,50,2
7191,50,0
7193,0,0
7195,60,0
7196,0,0
7204,0,0
7208,50,0
7210,5,4
7213,50,0
7214,0,0
7215,30,0
7218,50,0
7219,100,1
7221,50,0
7222,60,2
7236,10,0
7240,0,0
7241,30,2
7242,0,0
7246,0,0
7247,0,1
7248,50,1
7251,0,0
7253,40,1
7257,0,0
7259,30,0
7262,0,0
7264,0,0
7269,50,1
7271,75,0
7272,0,0
7274,60,0
7279,75,0
7280,0,0
7281,15,1
7282,50,0
7283,50,0
7284,50,0
7291,100,1
7295,20,2
7296,1,3
7297,20,4
7299,0,2
7302,70,0
7305,70,2
7306,50,2
7307,0,0
7308,60,0
7311,0,0
7318,75,0
7319,50,0
7322,1,1
7326,0,0
7329,0,0
7335,20,0
7337,0,0
7343,5,3
7344,50,0
7345,0,2
7346,50,0
7348,0,1
7349,10,1
7351,0,1
7352,35,0
7356,0,1
7357,0,2
7358,100,0
7359,40,0
7362,75,0
7363,30,0
7366,50,0
7368,40,0
7369,0,0
7370,100,0
7373,0,0
7377,50,3
7379,0,1
7382,50,1
7384,0,2
7385,100,1
7386,0,0
7387,20,1
7388,100,0
7389,50,0
7397,75,0
7398,30,2
7400,60,1
7407,32,0
7410,5,0
7412,50,0
7415,50,1
7416,50,0
7418,25,1
7421,50,0
7422,50,0
7423,0,1
7424,50,1
7429,0,0
7431,90,2
7433,0,0
7437,0,2
7444,10,2
7445,95,2
7446,0,2
7447,5,0
7454,0,0
7455,40,0
7456,0,1
7457,0,0
7459,0,3
7463,50,2
7464,50,1
7466,5,1
7468,40,0
7469,0,0
7470,0,1
7471,0,1
7472,100,1
7473,75,2
7476,40,0
7478,40,0
7481,0,1
7485,0,0
7486,30,0
7488,50,1
7489,50,1
7490,0,3
7491,0,0
7494,0,0
7496,0,0
7497,20,0
7498,50,0
7502,20,2
7504,50,2
7507,60,1
7508,50,0
7510,0,0
7511,50,0
7512,2,0
7513,60,0
7516,0,0
7518,50,3
7522,20,2
7523,0,1
7528,50,0
7532,0,0
7533,10,0
7534,50,0
7536,70,1
7540,0,0
7551,2,0
7553,50,0
7554,50,1
7556,0,0
7557,65,0
7559,50,0
7561,40,0
7563,75,0
7564,2,0
7567,90,0
7568,15,0
7569,50,0
7570,50,1
7575,25,0
7578,0,0
7580,50,0
7585,10,0
7586,10,1
7587,50,0
7588,0,3
7589,0,1
7590,10,0
7591,0,0
7593,10,0
7595,50,0
7599,0,0
7600,20,0
7605,30,0
7610,0,1
7611,70,1
7612,50,3
7613,10,0
7614,10,1
7616,50,2
7621,100,1
7623,0,1
7624,30,0
7627,0,0
7629,50,0
7630,0,0
7631,2,1
7632,20,0
7634,15,0
7636,0,0
7639,0,1
7642,3,2
7643,23,2
7645,10,3
7648,0,3
7657,0,0
7658,50,0
7660,31,0
7661,50,0
7662,25,0
7663,100,0
7664,40,1
7665,10,0
7666,0,0
7668,0,3
7671,3,0
7673,5,0
7674,0,1
7677,55,0
7678,70,0
7681,1,0
7684,45,0
7685,0,0
7689,55,0
7692,100,2
7695,0,1
7696,0,0
7700,50,1
7704,0,0
7706,75,0
7708,40,0
7710,50,0
7712,12,0
7714,0,1
7716,20,2
7717,0,2
7719,0,1
7731,75,0
7733,0,8
7737,100,3
7739,75,0
7740,25,3
7741,90,2
7742,0,0
7744,0,0
7745,40,1
7748,50,2
7749,0,1
7752,50,1
7755,0,0
7756,70,0
7762,15,0
7767,25,0
7768,0,0
7769,85,0
7770,0,1
7773,0,1
7776,30,2
7779,50,1
7786,0,0
7788,20,1
7789,0,2
7790,0,3
7791,0,4
7792,0,2
7794,0,4
7798,0,0
7799,0,2
7803,70,1
7804,0,0
7805,0,2
7811,50,2
7812,50,1
7815,20,1
7816,0,0
7817,50,3
7818,0,4
7819,0,2
7821,50,2
7826,5,0
7827,0,1
7828,78,0
7831,0,0
7832,75,1
7833,50,0
7838,0,0
7843,5,0
7845,50,0
7846,100,3
7847,0,0
7848,50,3
7849,40,1
7852,50,2
7853,50,2
7855,50,2
7862,0,1
7867,90,0
7870,50,0
7871,0,3
7874,50,1
7876,100,1
7878,0,7
7879,100,0
7881,50,1
7882,0,0
7883,0,2
7884,50,2
7886,50,4
7893,0,2
7895,0,1
7897,30,0
7900,0,1
7901,0,0
7905,100,0
7906,50,0
7911,0,2
7912,5,0
7913,0,1
7915,0,0
7916,50,0
7919,0,0
7920,100,2
7921,50,1
7924,0,2
7925,30,0
7928,5,0
7931,0,2
7932,25,2
7934,0,1
7935,0,2
7937,0,1
7939,0,1
7949,50,1
7950,100,2
7951,0,0
7952,0,0
7957,35,0
7958,0,4
7959,0,2
7961,0,3
7964,70,1
7967,25,1
7968,0,2
7971,0,3
7972,0,3
7978,0,2
7980,50,0
7981,0,0
7982,0,0
7983,0,0
7984,50,1
7985,0,5
7986,0,4
7990,5,1
7991,0,3
7992,0,0
7993,0,0
7994,0,0
7995,0,1
7996,5,0
7999,0,1
8002,0,2
8005,0,0
8009,10,2
8011,0,3
8016,50,0
8020,0,0
8026,0,1
8028,50,0
8032,65,2
8033,20,3
8036,90,3
8038,0,3
8039,0,1
8040,50,0
8041,50,0
8042,10,0
8046,10,0
8047,0,0
8051,75,1
8053,40,0
8054,0,0
8055,0,0
8056,20,1
8057,50,2
8058,0,0
8061,0,0
8063,50,1
8065,100,2
8067,75,1
8068,0,1
8069,0,1
8070,0,0
8075,0,0
8078,10,0
8079,0,0
8083,20,1
8084,10,0
8085,25,0
8086,55,0
8087,0,0
8088,0,2
8090,50,0
8092,100,3
8093,50,2
8094,50,2
8095,0,1
8099,0,0
8103,80,1
8105,0,0
8106,0,3
8111,0,0
8112,75,1
8115,0,0
8116,100,1
8118,10,0
8119,0,1
8127,0,0
8135,50,2
8139,50,0
8142,2,0
8147,0,0
8148,50,1
8150,50,0
8154,40,2
8155,10,0
8156,10,0
8157,30,0
8160,25,0
8161,0,2
8167,80,0
8173,10,1
8174,30,0
8176,0,0
8177,0,0
8179,0,0
8180,0,2
8182,50,0
8183,94,0
8187,0,0
8190,50,1
8191,50,1
8197,0,0
8198,10,0
8202,50,1
8204,85,0
8205,50,0
8207,0,1
8209,50,2
8212,60,1
8216,10,0
8217,100,2
8220,0,0
8221,10,2
8223,0,1
8226,100,1
8227,50,0
8228,100,4
8230,0,0
8231,30,0
8236,0,2
8237,1,2
8243,0,1
8244,10,0
8245,0,1
8248,0,1
8249,0,3
8253,0,0
8255,75,2
8258,70,0
8260,0,0
8261,0,0
8262,0,0
8264,50,0
8265,50,1
8269,25,0
8271,0,0
8272,45,0
8273,50,3
8275,0,2
8276,100,1
8279,25,1
8280,100,2
8281,0,2
8285,2,1
8286,50,0
8289,0,1
8291,5,1
8294,5,0
8296,50,4
8298,90,1
8300,5,1
8305,20,0
8306,0,0
8307,50,0
8308,10,1
8312,0,2
8313,0,0
8314,0,2
8316,0,0
8322,50,0
8327,30,0
8328,25,0
8329,100,1
8333,0,0
8336,0,1
8338,45,3
8339,50,2
8340,10,0
8341,60,3
8344,50,4
8345,0,2
8348,50,1
8349,100,0
8353,20,4
8356,0,1
8357,20,0
8361,90,0
8362,0,0
8363,0,3
8364,0,0
8365,50,0
8367,0,0
8368,50,1
8371,50,0
8372,100,2
8373,50,1
8375,50,0
8376,0,0
8378,0,0
8381,95,1
8383,0,1
8384,75,1
8385,0,0
8388,50,0
8392,50,0
8394,100,2
8397,0,0
8401,0,0
8405,0,3
8409,0,0
8410,50,1
8414,0,0
8420,90,0
8421,0,0
8426,50,1
8428,10,0
8429,0,3
8437,30,0
8438,50,1
8439,0,0
8440,25,2
8441,30,1
8442,50,2
8446,30,1
8459,20,2
8460,50,2
8461,0,1
8462,5,3
8463,80,1
8464,50,3
8465,10,0
8466,10,4
8467,50,1
8468,25,0
8471,10,0
8474,0,0
8475,0,3
8477,25,0
8478,0,1
8479,0,6
8481,0,0
8482,50,1
8484,0,0
8489,50,0
8491,1,4
8493,0,0
8494,0,2
8495,25,1
8500,100,1
8501,46,2
8503,100,1
8504,50,2
8509,10,1
8514,50,3
8515,50,0
8518,0,0
8521,20,0
8524,65,0
8530,80,1
8531,50,2
8533,15,0
8538,0,2
8542,20,0
8544,0,2
8546,0,2
8547,10,0
8548,20,0
8549,0,0
8551,40,0
8552,30,2
8553,0,1
8555,50,3
8557,80,1
8558,2,3
8559,0,0
8565,50,2
8569,15,0
8570,0,0
8572,50,1
8577,0,0
8578,50,1
8579,0,0
8580,85,0
8585,50,1
8589,60,3
8591,20,0
8593,15,0
8595,75,4
8596,0,3
8597,0,0
8598,0,1
8599,50,1
8602,50,2
8603,30,0
8607,50,3
8609,0,2
8610,50,1
8613,32,0
8614,80,2
8615,70,2
8617,50,1
8618,50,2
8619,0,0
8620,0,0
8621,25,0
8628,0,0
8630,0,0
8637,50,1
8638,50,3
8639,80,0
8640,50,1
8645,0,1
8646,50,0
8647,50,1
8648,30,0
8651,0,0
8653,75,1
8654,50,1
8655,10,0
8659,100,0
8661,0,0
8663,25,0
8664,50,1
8666,50,0
8667,20,2
8669,95,3
8671,0,0
8677,25,2
8678,50,2
8679,25,0
8681,29,0
8683,50,2
8686,50,2
8688,50,0
8691,10,1
8692,50,3
8693,30,0
8695,0,2
8696,10,1
8697,50,0
8698,0,3
8699,0,1
8701,80,2
8706,75,0
8709,25,0
8710,0,0
8713,0,2
8714,0,2
8717,5,0
8727,50,0
8730,50,1
8731,30,0
8732,50,0
8733,0,0
8734,0,0
8739,0,2
8740,0,1
8743,100,3
8745,0,0
8746,100,2
8747,25,0
8750,75,1
8752,0,2
8755,2,0
8756,0,0
8757,25,1
8758,95,0
8761,0,0
8762,25,0
8770,50,0
8771,20,0
8773,0,0
8774,20,1
8775,25,0
8778,25,0
8779,20,0
8780,0,0
8783,75,3
8786,50,0
8787,0,3
8791,50,2
8792,20,4
8794,30,1
8796,50,0
8802,0,0
8805,25,0
8809,0,0
8810,0,0
8813,0,0
8815,0,0
8816,90,1
8818,10,1
8823,0,0
8825,0,1
8827,0,0
8829,50,0
8830,20,1
8831,0,2
8834,50,1
8835,50,0
8837,30,0
8838,0,0
8843,25,0
8844,50,0
8846,50,0
8849,0,0
8850,0,0
8851,10,0
8853,20,2
8858,100,1
8861,80,1
8864,15,0
8866,50,0
8867,10,0
8877,10,2
8878,0,0
8879,1,0
8881,0,0
8882,0,0
8884,25,1
8885,25,0
8886,25,0
8887,0,0
8888,50,1
8889,50,3
8891,100,0
8898,0,3
8899,0,1
8900,30,0
8903,95,1
8906,0,0
8908,20,3
8909,15,0
8912,50,0
8915,100,3
8916,0,3
8923,0,0
8924,70,0
8926,2,2
8928,80,2
8930,0,2
8935,0,0
8936,50,0
8937,1,0
8941,50,1
8942,0,0
8948,0,0
8949,65,1
8952,0,0
8955,10,2
8958,1,1
8959,0,0
8962,10,1
8963,10,3
8964,100,0
8965,0,3
8969,25,2
8972,20,0
8973,0,0
8975,80,0
8976,70,1
8977,0,0
8979,0,3
8983,20,0
